title,description,descriptionHTML,summary,installs,minInstalls,realInstalls,score,ratings,reviews,histogram,price,free,currency,sale,saleTime,originalPrice,saleText,offersIAP,inAppProductPrice,developer,developerId,developerEmail,developerWebsite,developerAddress,privacyPolicy,genre,genreId,categories,icon,headerImage,screenshots,video,videoImage,contentRating,contentRatingDescription,adSupported,containsAds,released,lastUpdatedOn,updated,version,appId,url
BIDV SmartBanking,"BIDV SMARTBANKING - NGÂN HÀNG SỐ CỦA TƯƠNG LAI

BIDV SmartBanking phiên bản X ra mắt với giao diện hoàn toàn mới, mang đến trải nghiệm cá nhân hóa, mượt mà trên mọi điểm chạm cùng nhiều tiện ích vượt trội dành riêng cho khách hàng cá nhân.

TRỢ LÝ AI LẦN ĐẦU XUẤT HIỆN TRÊN SMARTBANKING

    Trợ lý AI được tích hợp giúp phân tích, dự đoán, gợi ý sản phẩm phù hợp theo từng nhu cầu riêng biệt.
    Chatbot hoạt động 24/7, sẵn sàng hỗ trợ và tư vấn kịp thời mọi thắc mắc của khách hàng.

TỰ ĐỘNG ĐẦU TƯ - TỐI ƯU SINH LỜI

Tính năng đầu tư tự động lần đầu tiên ra mắt, cho phép khách hàng sử dụng hiệu quả dòng tiền nhàn rỗi bằng cách tự động gửi tiết kiệm mỗi ngày, đồng thời vẫn đảm bảo khả năng chi tiêu linh hoạt.

QUẢN LÝ TÀI CHÍNH THÔNG MINH

    Dễ dàng theo dõi thu – chi hàng tháng với báo cáo trực quan, chính xác.
    Hỗ trợ phân bổ nguồn tiền hiệu quả thông qua các công cụ lập kế hoạch tài chính cá nhân linh hoạt.

HỆ SINH THÁI TIỆN ÍCH HƠN CẢ 1 NGÂN HÀNG

    Chỉ với một ứng dụng duy nhất, khách hàng có thể: Thanh toán hóa đơn điện, nước, viễn thông, truyền hình...
    Mua sắm, đặt vé xem phim, đặt phòng khách sạn, giao hàng, giải trí,...
    Hàng trăm tiện ích tích hợp sẵn sàng đáp ứng mọi nhu cầu sống hiện đại.

AN TOÀN TUYỆT ĐỐI – BẢO MẬT TỐI ƯU

    Đăng nhập duy nhất bằng số điện thoại và một mật khẩu trên mọi thiết bị: web, điện thoại, smartwatch, bàn phím thông minh.
    Giao dịch an toàn với các phương thức xác thực: Smart OTP, sinh trắc học,...
    Cảnh báo tức thời các giao dịch có dấu hiệu gian lận, lừa đảo.

MIỄN PHÍ TOÀN DIỆN CÁC LOẠI PHÍ DỊCH VỤ

    Phí chuyển tiền trong & ngoài hệ thống
    Phí duy trì dịch vụ
    Phí quản lý tài khoản mặc định
    Phí tin nhắn OTT
    Phí phát hành & phí thường niên trọn đời thẻ phi vật lý phát hành trên SmartBanking

ĐĂNG KÝ DỄ DÀNG

    Online bằng eKYC trên ứng dụng SmartBanking
    Tại các điểm giao dịch BIDV trên toàn quốc

Thông tin chi tiết:

    Website: https://www.bidv.com.vn
    Trụ sở chính: Tháp BIDV, 194 Trần Quang Khải, Hoàn Kiếm, Hà Nội
    Tổng đài CSKH 24/7: 1900 9247","BIDV SMARTBANKING - NGÂN HÀNG SỐ CỦA TƯƠNG LAI<br><br>BIDV SmartBanking phiên bản X ra mắt với giao diện hoàn toàn mới, mang đến trải nghiệm cá nhân hóa, mượt mà trên mọi điểm chạm cùng nhiều tiện ích vượt trội dành riêng cho khách hàng cá nhân.<br><br>TRỢ LÝ AI LẦN ĐẦU XUẤT HIỆN TRÊN SMARTBANKING<br><br>    Trợ lý AI được tích hợp giúp phân tích, dự đoán, gợi ý sản phẩm phù hợp theo từng nhu cầu riêng biệt.<br>    Chatbot hoạt động 24/7, sẵn sàng hỗ trợ và tư vấn kịp thời mọi thắc mắc của khách hàng.<br><br>TỰ ĐỘNG ĐẦU TƯ - TỐI ƯU SINH LỜI<br><br>Tính năng đầu tư tự động lần đầu tiên ra mắt, cho phép khách hàng sử dụng hiệu quả dòng tiền nhàn rỗi bằng cách tự động gửi tiết kiệm mỗi ngày, đồng thời vẫn đảm bảo khả năng chi tiêu linh hoạt.<br><br>QUẢN LÝ TÀI CHÍNH THÔNG MINH<br><br>    Dễ dàng theo dõi thu – chi hàng tháng với báo cáo trực quan, chính xác.<br>    Hỗ trợ phân bổ nguồn tiền hiệu quả thông qua các công cụ lập kế hoạch tài chính cá nhân linh hoạt.<br><br>HỆ SINH THÁI TIỆN ÍCH HƠN CẢ 1 NGÂN HÀNG<br><br>    Chỉ với một ứng dụng duy nhất, khách hàng có thể: Thanh toán hóa đơn điện, nước, viễn thông, truyền hình...<br>    Mua sắm, đặt vé xem phim, đặt phòng khách sạn, giao hàng, giải trí,...<br>    Hàng trăm tiện ích tích hợp sẵn sàng đáp ứng mọi nhu cầu sống hiện đại.<br><br>AN TOÀN TUYỆT ĐỐI – BẢO MẬT TỐI ƯU<br><br>    Đăng nhập duy nhất bằng số điện thoại và một mật khẩu trên mọi thiết bị: web, điện thoại, smartwatch, bàn phím thông minh.<br>    Giao dịch an toàn với các phương thức xác thực: Smart OTP, sinh trắc học,...<br>    Cảnh báo tức thời các giao dịch có dấu hiệu gian lận, lừa đảo.<br><br>MIỄN PHÍ TOÀN DIỆN CÁC LOẠI PHÍ DỊCH VỤ<br><br>    Phí chuyển tiền trong &amp; ngoài hệ thống<br>    Phí duy trì dịch vụ<br>    Phí quản lý tài khoản mặc định<br>    Phí tin nhắn OTT<br>    Phí phát hành &amp; phí thường niên trọn đời thẻ phi vật lý phát hành trên SmartBanking<br><br>ĐĂNG KÝ DỄ DÀNG<br><br>    Online bằng eKYC trên ứng dụng SmartBanking<br>    Tại các điểm giao dịch BIDV trên toàn quốc<br><br>Thông tin chi tiết:<br><br>    Website: https://www.bidv.com.vn<br>    Trụ sở chính: Tháp BIDV, 194 Trần Quang Khải, Hoàn Kiếm, Hà Nội<br>    Tổng đài CSKH 24/7: 1900 9247","Ứng dụng thông minh giúp khách hàng giao dịch với ngân hàng mọi lúc, mọi nơi.",10.000.000+,10000000,18203582,4.190912,127443,61161,"[21329, 2481, 3069, 4205, 96354]",0,True,VND,False,,,,False,,NHTMCP Đầu tư và Phát triển Việt Nam (BIDV),NHTMCP+%C4%90%E1%BA%A7u+t%C6%B0+v%C3%A0+Ph%C3%A1t+tri%E1%BB%83n+Vi%E1%BB%87t+Nam+(BIDV),bidvdevelopment@gmail.com,https://www.bidv.com.vn/smartbanking/,,https://omni.bidv.com.vn/static/bidv/dkdk-mo-va-sudung-dichvu-khach-hang-canhan-vi.html,Tài chính,FINANCE,"[{'name': 'Tài chính', 'id': 'FINANCE'}]",https://play-lh.googleusercontent.com/-tLWNSwRkF_jalHp2hfwa3hBFPgKbt2fiY3hXGYLCxap3yao57fqBtR72n0wEIvKm7o9W0tAH1XO23ZzsfxJ,https://play-lh.googleusercontent.com/zhBG77Fto5ve74-kZ7coUSDy-wCPJvxeyfIjJZIKf8IfUihjQbbmLGbwZn8RDinJqg,"['https://play-lh.googleusercontent.com/E4HbzUvsO-R6VYtCcc1je3HVE99ogsC2_C5urBiMeaeaLFvyMlMhOeeWY6d54oGymF8', 'https://play-lh.googleusercontent.com/0UB2_RKK-lXqCAmGbTEpSK6lsIAkMAp2TYqkjfPWUz4W_uJxzwKrxF6v0tXRgdoJaa4', 'https://play-lh.googleusercontent.com/wuKXzhZufic5sEA-h6kCyfEUsw5HS15FLiGtBQGA2xKpKAFQFkCe4qGYswgbslkICQ', 'https://play-lh.googleusercontent.com/5gwrqiUwvPIUKeFyV6LuN_TOgl-bCaac43ZaDo1hSBDLihwahMXC8JuSbvupZSyD-wg', 'https://play-lh.googleusercontent.com/9SP09eqi_hohH-zV778xdCu4q-3rep0LYq1GYFDFM-LeBTK_aTFeN9Fsbt3yoEQtOWvD', 'https://play-lh.googleusercontent.com/-bJ3-LXOmvgOm7BgK12CJogKb2rIrLi552ILHmhlBH75r5wM_m-1kxg5fM8U7kicz84']",,,3 tuổi trở lên,,False,False,"8 thg 12, 2015","21 thg 1, 2026",1769045286,5.2.97,com.vnpay.bidv,https://play.google.com/store/apps/details?id=com.vnpay.bidv&hl=vi&gl=vn
Agribank Plus,"Agribank Plus – Ngân hàng số phiên bản mới mang đến cuộc sống dễ dàng - tiện lợi dành cho bạn!

Agribank Plus là ứng dụng ngân hàng số thông minh do Ngân hàng Nông nghiệp và Phát triển Nông thôn Việt Nam hợp tác cùng Công ty Cổ phần Giải pháp Thanh toán Việt Nam phát triển.

Với giao diện hoàn toàn mới, hiện đại, thân thiện, thêm nhiều tiện ích và nâng cấp trải nghiệm người dùng, Agribank Plus hứa hẹn đáp ứng mọi nhu cầu tài chính cá nhân từ thanh toán, mua sắm đến giải trí… một cách ĐƠN GIẢN – DỄ DÀNG – THUẬN TIỆN – MỌI LÚC – MỌI NƠI.

* ĐÁP ỨNG GIAO DỊCH TÀI CHÍNH CƠ BẢN:

- Chuyển tiền nội bộ, liên ngân hàng nhanh gọn, miễn phí, 24/7, đặt lịch chuyển tiền, chuyển tiền cho nhiều người.
- Gửi tiền trực tuyến linh hoạt, gửi tiền tích lũy.
- Trả nợ tiền vay nhanh chóng, bảo mật
- Gửi tiền mừng, lì xì cho nhiều người.
- Quét mã VNPAY-QR, thanh toán đơn giản, nhanh chóng và nhận ưu đãi tại hơn 400.000 điểm chấp nhận trên toàn quốc.
- Thanh toán hóa đơn: điện, nước, internet, truyền hình, cước viễn thông, phí chung cư, học phí, bảo hiểm….
- Nạp tiền điện thoại.
- Nạp data 3G/4G.
- Nạp tiền dịch vụ tài chính, nạp tiền giao thông, nạp tiền chứng khoán…

* MUA SẮM ĐƠN GIẢN - DI CHUYỂN MUÔN NƠI

- Đặt vé máy bay, vé tàu hỏa, vé xe khách, vé tàu thủy, phòng khách sạn, gọi taxi nhanh chóng, dễ dàng.
- Đặt vé xem phim, đặt hoa, đặt sân golf, giao hàng
- Mua sắm trực tuyến VnShop.
- Đặt khám y tế.
- Đặt vé vui chơi giải trí, vé bóng đá, giải chạy.

* CHỦ ĐỘNG QUẢN LÝ TÀI KHOẢN

- Nhận tin OTT biến động số dư thuận tiện ngay trên ứng dụng, tránh các rủi ro giả mạo thương hiệu Ngân hàng.
- Cài đặt Soft OTP bảo vệ giao dịch.
- Cài đặt Face ID đăng nhập, xác thực giao dịch.
- Cài đặt hạn mức.
- Cài đặt mật khẩu, quản lý danh bạ.
- Tra cứu thông tin hóa đơn, lãi suất, tỷ giá ngoại tệ, điểm giao dịch Agribank.
- Tìm kiếm địa điểm ăn uống, mua sắm, cửa hàng tiện lợi, nhà thuốc, hiệu sách…

* CHÍNH SÁCH MIỄN PHÍ

- Miễn phí mở tài khoản trực tuyến/đăng ký dịch vụ; Miễn phí vấn tin quản lý/sao kê giao dịch qua tài khoản.
- Miễn phí mở/đóng tài khoản tiền gửi tiết kiệm trực tuyến.
- Miễn phí chuyển tiền nội bộ/liên ngân hàng/chuyển tiền qua mã VietQR.
- Miễn phí giao dịch thanh toán VNPAY-QR.
- Miễn phí giao dịch khi thanh toán hóa đơn (điện, nước, internet, truyền hình, học phí...) đặt phòng khách sạn, mua vé tàu hỏa, mua vé xe khách, đặt vé xem phim, đặt vé tàu thủy, thể thao – giải trí, gọi Taxi, giao hàng, đặt hoa…
- Miễn phí giao dịch khi mua mã thẻ, nạp tiền điện thoại, mua mã thẻ 3G/4G của các nhà mạng….

Tên: Ngân hàng Nông nghiệp & Phát triển Nông thôn Việt Nam (Agribank)
Địa chỉ: Số 2 Láng Hạ, Phường Thành Công, Quận Ba Đình, Hà Nội.","Agribank Plus – Ngân hàng số phiên bản mới mang đến cuộc sống dễ dàng - tiện lợi dành cho bạn!<br><br>Agribank Plus là ứng dụng ngân hàng số thông minh do Ngân hàng Nông nghiệp và Phát triển Nông thôn Việt Nam hợp tác cùng Công ty Cổ phần Giải pháp Thanh toán Việt Nam phát triển.<br><br>Với giao diện hoàn toàn mới, hiện đại, thân thiện, thêm nhiều tiện ích và nâng cấp trải nghiệm người dùng, Agribank Plus hứa hẹn đáp ứng mọi nhu cầu tài chính cá nhân từ thanh toán, mua sắm đến giải trí… một cách ĐƠN GIẢN – DỄ DÀNG – THUẬN TIỆN – MỌI LÚC – MỌI NƠI.<br><br>* ĐÁP ỨNG GIAO DỊCH TÀI CHÍNH CƠ BẢN:<br><br>- Chuyển tiền nội bộ, liên ngân hàng nhanh gọn, miễn phí, 24/7, đặt lịch chuyển tiền, chuyển tiền cho nhiều người.<br>- Gửi tiền trực tuyến linh hoạt, gửi tiền tích lũy.<br>- Trả nợ tiền vay nhanh chóng, bảo mật<br>- Gửi tiền mừng, lì xì cho nhiều người.<br>- Quét mã VNPAY-QR, thanh toán đơn giản, nhanh chóng và nhận ưu đãi tại hơn 400.000 điểm chấp nhận trên toàn quốc.<br>- Thanh toán hóa đơn: điện, nước, internet, truyền hình, cước viễn thông, phí chung cư, học phí, bảo hiểm….<br>- Nạp tiền điện thoại.<br>- Nạp data 3G/4G.<br>- Nạp tiền dịch vụ tài chính, nạp tiền giao thông, nạp tiền chứng khoán…<br><br>* MUA SẮM ĐƠN GIẢN - DI CHUYỂN MUÔN NƠI<br><br>- Đặt vé máy bay, vé tàu hỏa, vé xe khách, vé tàu thủy, phòng khách sạn, gọi taxi nhanh chóng, dễ dàng.<br>- Đặt vé xem phim, đặt hoa, đặt sân golf, giao hàng<br>- Mua sắm trực tuyến VnShop.<br>- Đặt khám y tế.<br>- Đặt vé vui chơi giải trí, vé bóng đá, giải chạy.<br><br>* CHỦ ĐỘNG QUẢN LÝ TÀI KHOẢN<br><br>- Nhận tin OTT biến động số dư thuận tiện ngay trên ứng dụng, tránh các rủi ro giả mạo thương hiệu Ngân hàng.<br>- Cài đặt Soft OTP bảo vệ giao dịch.<br>- Cài đặt Face ID đăng nhập, xác thực giao dịch.<br>- Cài đặt hạn mức.<br>- Cài đặt mật khẩu, quản lý danh bạ.<br>- Tra cứu thông tin hóa đơn, lãi suất, tỷ giá ngoại tệ, điểm giao dịch Agribank.<br>- Tìm kiếm địa điểm ăn uống, mua sắm, cửa hàng tiện lợi, nhà thuốc, hiệu sách…<br><br>* CHÍNH SÁCH MIỄN PHÍ<br><br>- Miễn phí mở tài khoản trực tuyến/đăng ký dịch vụ; Miễn phí vấn tin quản lý/sao kê giao dịch qua tài khoản.<br>- Miễn phí mở/đóng tài khoản tiền gửi tiết kiệm trực tuyến.<br>- Miễn phí chuyển tiền nội bộ/liên ngân hàng/chuyển tiền qua mã VietQR.<br>- Miễn phí giao dịch thanh toán VNPAY-QR.<br>- Miễn phí giao dịch khi thanh toán hóa đơn (điện, nước, internet, truyền hình, học phí...) đặt phòng khách sạn, mua vé tàu hỏa, mua vé xe khách, đặt vé xem phim, đặt vé tàu thủy, thể thao – giải trí, gọi Taxi, giao hàng, đặt hoa…<br>- Miễn phí giao dịch khi mua mã thẻ, nạp tiền điện thoại, mua mã thẻ 3G/4G của các nhà mạng….<br><br>Tên: Ngân hàng Nông nghiệp &amp; Phát triển Nông thôn Việt Nam (Agribank)<br>Địa chỉ: Số 2 Láng Hạ, Phường Thành Công, Quận Ba Đình, Hà Nội.",Agribank Plus - Phiên bản nâng cấp của Agribank E-Mobile Banking,10.000.000+,10000000,22399832,3.419753,143997,66347,"[48831, 4489, 5667, 7415, 77589]",0,True,VND,False,,,,False,,VNPAY,VNPAY,info@vnpay.vn,http://www.agribankemobilebanking.vn,,https://vba-omni.s3-hcm.sds.vnpaycloud.vn/dynamic/dieu-kien-dieu-khoan/agirbank_privacy_policy.html,Tài chính,FINANCE,"[{'name': 'Tài chính', 'id': 'FINANCE'}]",https://play-lh.googleusercontent.com/rNSXUqGnK-ljK6qUdUmy7h_sDrMOzZ1nPwAUAwshsmPaQuwNGn0Xwj-psgFrBSJOHg,https://play-lh.googleusercontent.com/3J-7zcvsETSP5thEf5ZAlRbBE_sUJcviT7e6z8p6O2mmaghGiZMVx5xi5MthmeNFsJM,"['https://play-lh.googleusercontent.com/efj-674dRu6088ukZr5mt9iaiBvBl9364zVywkMiSlwxoZXjV7duXID2s5-dnwBcHfo', 'https://play-lh.googleusercontent.com/i9br1IOlCCAss3RcNXxcCRiLgtzJO3H8tC-jyrflsLi-ZE1ibmmHjt11dOpBcZOmQ63X', 'https://play-lh.googleusercontent.com/u1dRx8zCzscT_tXyZc_fhynpCnGuE7RhQvDmKM_4mWbDD-kIxUVQ5Ggwpt_1JWvN6A', 'https://play-lh.googleusercontent.com/z9NY0FrfWibp7loBDesqSioT--QTbFtL5bXER8HSXZpmJLFHfOL_f0TSy5BAMQGdC_DO', 'https://play-lh.googleusercontent.com/qAR4bv7PWeBbN0CSh-aoYvdMfg0TKfhOAZIFO3ppljH99luW409mntg16tcDmD8hicI', 'https://play-lh.googleusercontent.com/fLpz8crqt_m-aB6dvP6MFqCvjoVUa_rzH9kUnYOVVwotgHrII1vD97aXZSGzMaFS2g', 'https://play-lh.googleusercontent.com/pAOh-Uor560GHxzKwbLZUMlfzNvVhy5udu4pS7I0gIVrlUxbNoMY1cW2vPYiUW145A', 'https://play-lh.googleusercontent.com/3A87wFqzJjy7iXK712JkAEYXEx94RFVOQCgbU_zO9r3gWRwCy4KqK4h3fCsiw1R8dQ']",,,3 tuổi trở lên,,False,False,"20 thg 3, 2015","26 thg 12, 2025",1766771968,5.4.1,com.vnpay.Agribank3g,https://play.google.com/store/apps/details?id=com.vnpay.Agribank3g&hl=vi&gl=vn
VCB Digibank,"VCB Digibank là ứng dụng ngân hàng số dành cho khách hàng cá nhân của Vietcombank (ngân hàng có giá trị vốn hóa lớn nhất tại Việt Nam). VCB Digibank đã được hàng chục triệu khách hàng cá nhân lựa chọn để thực hiện các giao dịch tài chính hàng ngày.

VCB Digibank áp dụng nhiều công nghệ đột phá đi kèm các dịch vụ độc đáo, mang tới những trải nghiệm đơn giản, nhanh chóng và an toàn cho khách hàng:
-  Đăng ký online chỉ trong một vài phút
-  Không phí chuyển tiền, không phí đăng ký, không phí duy trì
-  Đặt số tài khoản theo số điện thoại, đặt nickname tài khoản
-  Quản lý tài chính cá nhân, quản lý nhóm
-  Lựa chọn giao diện phù hợp theo nhu cầu
-  Thanh toán, chuyển tiền, rút tiền bằng mã QR
-  Và hàng trăm loại giao dịch tài chính khác: Gửi tiết kiệm; Giải ngân khoản vay; Thanh toán hóa đơn điện/nước/viễn thông; Nạp tiền điện thoại; Đầu tư và bảo hiểm; Đặt taxi, đặt vé máy bay, vé tàu xe…

Tham khảo thêm thông tin tại: 
Website: https://www.vietcombank.com.vn/ 
Hotline: 1900 54 54 13","VCB Digibank là ứng dụng ngân hàng số dành cho khách hàng cá nhân của Vietcombank (ngân hàng có giá trị vốn hóa lớn nhất tại Việt Nam). VCB Digibank đã được hàng chục triệu khách hàng cá nhân lựa chọn để thực hiện các giao dịch tài chính hàng ngày.<br><br>VCB Digibank áp dụng nhiều công nghệ đột phá đi kèm các dịch vụ độc đáo, mang tới những trải nghiệm đơn giản, nhanh chóng và an toàn cho khách hàng:<br>-  Đăng ký online chỉ trong một vài phút<br>-  Không phí chuyển tiền, không phí đăng ký, không phí duy trì<br>-  Đặt số tài khoản theo số điện thoại, đặt nickname tài khoản<br>-  Quản lý tài chính cá nhân, quản lý nhóm<br>-  Lựa chọn giao diện phù hợp theo nhu cầu<br>-  Thanh toán, chuyển tiền, rút tiền bằng mã QR<br>-  Và hàng trăm loại giao dịch tài chính khác: Gửi tiết kiệm; Giải ngân khoản vay; Thanh toán hóa đơn điện/nước/viễn thông; Nạp tiền điện thoại; Đầu tư và bảo hiểm; Đặt taxi, đặt vé máy bay, vé tàu xe…<br><br>Tham khảo thêm thông tin tại: <br>Website: https://www.vietcombank.com.vn/ <br>Hotline: 1900 54 54 13",Dịch vụ ngân hàng di động của Vietcombank,10.000.000+,10000000,24106804,3.7177382,154489,61414,"[42027, 4228, 5063, 7167, 95999]",0,True,VND,False,,,,False,,Vietcombank,Vietcombank,vcbappstore@vietcombank.com.vn,https://www.vietcombank.com.vn,,https://digibank.vietcombank.com.vn/privacy-policy.html,Tài chính,FINANCE,"[{'name': 'Tài chính', 'id': 'FINANCE'}]",https://play-lh.googleusercontent.com/KBIgU6nz3hzia77BUj4FyVdL2azYvnttVkreRmc6c-asHof7ErHsY79G_yHdFkI83w,https://play-lh.googleusercontent.com/l34oaIqRhn0eyjLT0d2AgY0ab-RriYWohk09w0PNyr9bpPz6r60Dg8KguzemJqIhwk1v,"['https://play-lh.googleusercontent.com/LnwcdfJvGcqZFLkMz64WgdtVjsclKK3NooR1xuiXImA277um02WLd8QKHamd7wfYaX0', 'https://play-lh.googleusercontent.com/nKx0AYs83Bzmcls3Vgma1ZRfLAO9m_gbrWU-EgyOs4vKuihF6Dx8AG7p2lXXrTyEsAA', 'https://play-lh.googleusercontent.com/ja1MRXN0Hh6Rp4MsS88ELJzP-YOya21Qmicmd6067-jEvWUvoCMOkQ3RaHKwZCodDw', 'https://play-lh.googleusercontent.com/zQRIr5gcQMxjjTHWyS3n_rlDqJOzWeZbxA__FUwx-yzlhkfpMfoUkGZAj-kAEDeikTg', 'https://play-lh.googleusercontent.com/CUPVE_dTTpB14jtuKm6-mdvOkpVH96Codxxt2rD8u8l6_9-xV_DcB9ywEEbu0BfAx5Y3', 'https://play-lh.googleusercontent.com/MWKPJSsLrC6yQE-IRhGNShdLtwbhhrbfwqy-VZelKkrIahlqMBWh0NGHGmyTH0HpfgLp', 'https://play-lh.googleusercontent.com/kvaE6WDuUpW4ytoN3aZ5sBuAnrlScsHC6-oSGGSHglCnLge4Udd1rqJJ4fu8LkkfqAuf']",,,3 tuổi trở lên,,False,False,"22 thg 11, 2012","7 thg 1, 2026",1767846745,6.3.3,com.VCB,https://play.google.com/store/apps/details?id=com.VCB&hl=vi&gl=vn
SACOMBANK PAY,"Chào mừng bạn đến với SACOMBANK PAY – ứng dụng quản lý tài chính hiện đại siêu tiện lợi, giúp cuộc sống của bạn dễ dàng và thú vị hơn! Với thiết kế thân thiện và cá nhân hóa, bạn sẽ yêu thích không gian giao dịch an toàn hoàn toàn chỉ dành riêng cho bạn! 

Điểm nổi bật: 
   - Tự do giao dịch! 24/7, nhanh chóng, miễn phí với hạn mức lên đến 50 tỷ VND/ngày!  
   - Trải nghiệm an toàn và riêng tư! Công nghệ sinh trắc học và Smart OTP bảo vệ giao dịch của bạn.  
   - Thanh toán thú vị! Bằng mã QR nội địa và quốc tế 
   - Quản lý tài chính dễ dàng! Kiểm tra số dư, sao kê và chia sẻ báo có tối đa 5 tài khoản thanh toán. 
   - Dịch vụ ngân hàng tiện lợi! Gửi tiết kiệm, đăng ký vay tiêu dùng – giải ngân sau 5 phút, mở tài khoản và phát hành thẻ nhanh chóng! 
   - Cập nhật thông tin cá nhân linh hoạt! Bằng CCCD chip/thẻ căn cước hoặc qua tài khoản đinh danh trực tuyến VNeID 
   - Hệ sinh thái thanh toán đa dạng! Thanh toán hóa đơn, nạp tiền, đặt vé… tất cả trong một ứng dụng! 
   - Đổi điểm SACOMBANK Sapphire để nhận thêm ưu đãi hấp dẫn! 

Còn chờ gì nữa? Tải hoặc cập nhật ứng dụng ngay, hoàn thành định danh trực tuyến và bắt đầu hành trình tuyệt vời của bạn ngay thôi!","Chào mừng bạn đến với SACOMBANK PAY – ứng dụng quản lý tài chính hiện đại siêu tiện lợi, giúp cuộc sống của bạn dễ dàng và thú vị hơn! Với thiết kế thân thiện và cá nhân hóa, bạn sẽ yêu thích không gian giao dịch an toàn hoàn toàn chỉ dành riêng cho bạn! <br><br>Điểm nổi bật: <br>   - Tự do giao dịch! 24/7, nhanh chóng, miễn phí với hạn mức lên đến 50 tỷ VND/ngày!  <br>   - Trải nghiệm an toàn và riêng tư! Công nghệ sinh trắc học và Smart OTP bảo vệ giao dịch của bạn.  <br>   - Thanh toán thú vị! Bằng mã QR nội địa và quốc tế <br>   - Quản lý tài chính dễ dàng! Kiểm tra số dư, sao kê và chia sẻ báo có tối đa 5 tài khoản thanh toán. <br>   - Dịch vụ ngân hàng tiện lợi! Gửi tiết kiệm, đăng ký vay tiêu dùng – giải ngân sau 5 phút, mở tài khoản và phát hành thẻ nhanh chóng! <br>   - Cập nhật thông tin cá nhân linh hoạt! Bằng CCCD chip/thẻ căn cước hoặc qua tài khoản đinh danh trực tuyến VNeID <br>   - Hệ sinh thái thanh toán đa dạng! Thanh toán hóa đơn, nạp tiền, đặt vé… tất cả trong một ứng dụng! <br>   - Đổi điểm SACOMBANK Sapphire để nhận thêm ưu đãi hấp dẫn! <br><br>Còn chờ gì nữa? Tải hoặc cập nhật ứng dụng ngay, hoàn thành định danh trực tuyến và bắt đầu hành trình tuyệt vời của bạn ngay thôi!",SACOMBANK PAY là ứng dụng tài chính mang đến cho người dùng nhiều tiện ích,5.000.000+,5000000,7867683,3.1003675,63198,29482,"[25452, 2999, 3231, 2777, 28735]",0,True,VND,False,,,,False,,Sacombank,Sacombank,ask@sacombank.com,http://www.sacombank.com.vn,,https://www.sacombank.com.vn/ho-tro/dieu-khoan-dieu-kien/dkdk-su-dung-dv-sacombank-pay.html,Tài chính,FINANCE,"[{'name': 'Tài chính', 'id': 'FINANCE'}]",https://play-lh.googleusercontent.com/HMKqG7c0lZeEJjbeGoLs7Kwtq9RhkDLDyI8lq9Ihp2I3Qo6AIOjnbqoXDtg_8BTDnvchf2rqlt_B5amXTx7I1Q,https://play-lh.googleusercontent.com/YyF_YbI8PJGSVygGfV-aZhsUGFYwGARwrGCBSx3egy6HSKBSbUTI7CrZf4Fvlaf_cMBJPX2y4tfJyYYuH6G4ZA,"['https://play-lh.googleusercontent.com/pN1IuUAnzFMczfeH6N7xhhmN9wjY40MFi78dwO1jslZunN79kVN8nPT5kdNQ4Wa0QnXDY-HVlPcEAueU8OX6', 'https://play-lh.googleusercontent.com/7x8VyXTrr4-32elj7FUpnPtePYqqeltpcjtNg-tcjZ3HCkE-UOfeADAxyqO5QNBFo9bWCXA9C2xjiCl9uwV5RGg', 'https://play-lh.googleusercontent.com/481SankKDOt4wSMqBLgnbvWW_DJMY-_F9gzdAZsZnfKHfReRUEuXiDtSvKu-qfvMDDUoAuQybJOuK6aVBKXh', 'https://play-lh.googleusercontent.com/BC9V5Lv8rLAr006kMjrg5-tz0ABlcemyCULSW4VFO_HZ-IdhlrZlqJapxNfzdkSub0Uav-Mfjh9oeK7rSAUDnQ', 'https://play-lh.googleusercontent.com/-QgyjUPhprbvO5K3XIdL3S4UsCv0WymQXthdxgBwxNWHEanzn1PaOH5FnO74Vh_ChhKBqZugV2eZJXBVbPK6']",,,3 tuổi trở lên,,False,False,"7 thg 11, 2018","21 thg 1, 2026",1768976388,2.8.0,com.sacombank.ewallet,https://play.google.com/store/apps/details?id=com.sacombank.ewallet&hl=vi&gl=vn
MB Bank,"MBBank - Quản Lý Tài Chính Thông Minh

Trải nghiệm ngân hàng số hoàn hảo với MBBank! Ứng dụng ngân hàng tiên tiến, giao diện thông minh, thân thiện mang đến cho bạn mọi tiện ích quản lý tài chính chỉ trong tầm tay.

Tính Năng Nổi Bật:
- Quản Lý Tài Khoản và tài sản thông minh: Kiểm tra số dư, theo dõi giao dịch và quản lý tài khoản, tài sản giao dịch trong tập đoàn MB của bạn mọi lúc, mọi nơi.
- Chuyển Tiền Nhanh Chóng: Chuyển tiền 24/7  trong nước và quốc tế một cách dễ dàng và an toàn.
- Thanh Toán Hóa Đơn: Thanh toán các hóa đơn điện, nước, internet và nhiều dịch vụ khác chỉ với vài thao tác.
- Tiết Kiệm Thông Minh: Tự động mở tài khoản tiết kiệm với lãi suất hấp dẫn, theo dõi và quản lý khoản tiết kiệm của bạn dễ dàng.
- Hội viên MB: Khẳng định vị thế của bản thân, nhận ưu đãi lãi suất tiền gửi và hàng ngàn các voucher thanh toán khác.
- Cung cấp các sản phẩm vay online linh hoạt: Đăng ký vay tiền trực tuyến với quy trình đơn giản và nhanh chóng.
- Bảo Mật Cao: Bảo vệ thông tin và tài khoản của bạn với các lớp bảo mật tiên tiến nhất.
- Hỗ Trợ 24/7: Đội ngũ hỗ trợ khách hàng chuyên nghiệp sẵn sàng giải đáp mọi thắc mắc của bạn.

Tải ngay MBBank và khám phá giao diện hiện đại hơn, thân thiện hơn và tối ưu hơn!

Hotline: 1900 545426
Email: mb247@mbbank.com.vn
Địa chỉ: MB Grand Tower - 18 Lê Văn Lương, Hà Nội, Việt Nam","MBBank - Quản Lý Tài Chính Thông Minh<br><br>Trải nghiệm ngân hàng số hoàn hảo với MBBank! Ứng dụng ngân hàng tiên tiến, giao diện thông minh, thân thiện mang đến cho bạn mọi tiện ích quản lý tài chính chỉ trong tầm tay.<br><br>Tính Năng Nổi Bật:<br>- Quản Lý Tài Khoản và tài sản thông minh: Kiểm tra số dư, theo dõi giao dịch và quản lý tài khoản, tài sản giao dịch trong tập đoàn MB của bạn mọi lúc, mọi nơi.<br>- Chuyển Tiền Nhanh Chóng: Chuyển tiền 24/7  trong nước và quốc tế một cách dễ dàng và an toàn.<br>- Thanh Toán Hóa Đơn: Thanh toán các hóa đơn điện, nước, internet và nhiều dịch vụ khác chỉ với vài thao tác.<br>- Tiết Kiệm Thông Minh: Tự động mở tài khoản tiết kiệm với lãi suất hấp dẫn, theo dõi và quản lý khoản tiết kiệm của bạn dễ dàng.<br>- Hội viên MB: Khẳng định vị thế của bản thân, nhận ưu đãi lãi suất tiền gửi và hàng ngàn các voucher thanh toán khác.<br>- Cung cấp các sản phẩm vay online linh hoạt: Đăng ký vay tiền trực tuyến với quy trình đơn giản và nhanh chóng.<br>- Bảo Mật Cao: Bảo vệ thông tin và tài khoản của bạn với các lớp bảo mật tiên tiến nhất.<br>- Hỗ Trợ 24/7: Đội ngũ hỗ trợ khách hàng chuyên nghiệp sẵn sàng giải đáp mọi thắc mắc của bạn.<br><br>Tải ngay MBBank và khám phá giao diện hiện đại hơn, thân thiện hơn và tối ưu hơn!<br><br>Hotline: 1900 545426<br>Email: mb247@mbbank.com.vn<br>Địa chỉ: MB Grand Tower - 18 Lê Văn Lương, Hà Nội, Việt Nam",Phần mềm ngân hàng điện tử của Ngân hàng Quân đội MB,10.000.000+,10000000,33234956,4.6399727,935203,164312,"[58286, 7679, 15289, 49927, 804016]",0,True,VND,False,,,,False,,MB Bank,8342851861336576991,mb247@mbbank.com.vn,https://mbbank.com.vn,,https://www.mbageas.life/page/chinh-sach-bao-mat,Tài chính,FINANCE,"[{'name': 'Tài chính', 'id': 'FINANCE'}]",https://play-lh.googleusercontent.com/7p-i_6pa2-9ZlAIkLuRxk3kSn49df9OsmgP1FK2FmlynAy57ErHqUHQiJFuTuuvj1Amd0YG6fws6E0q06cF6,https://play-lh.googleusercontent.com/M6JXrukEekFAnKCT0_4C-YVvqbT6uKiPDnNCVfy53Zg6kV6tR7ZxYxKP1A441sByPYA,"['https://play-lh.googleusercontent.com/SEAOVK5kVe0jH4lzoKnq4kHRK7nhBMpas3uIvj5rbjDYJhSD9JkF1oUPuj7nGF2be-U', 'https://play-lh.googleusercontent.com/KdVNxjXXf8PQgDzTdUiXGNjAc2SxbIYXjti-EhKs1Ez_bqRRLNaN6JIRVoJu8PryM1w', 'https://play-lh.googleusercontent.com/cNthd-aTPuXGJvtyH0PZCwGUCQTLaPgRq5cl0eGvxa1TA-f9J8hcTr1a4EteAVIpf37B', 'https://play-lh.googleusercontent.com/kT0iNrHZyNHgVsxojtHSGCc1wp_8VrtuXLAE47akDVIkXPB79G36i5Az3VhTFVfF0g', 'https://play-lh.googleusercontent.com/a_txr4d-KlU7dCPTIAIuwcTc5qhBXR5pgYOOjza-2ba7W_jNeNjY6W0QeENOCfxS6A', 'https://play-lh.googleusercontent.com/g2KG1cAab5cjCCA4LXEUaTN6_YSX9vv3OImYrZbBlS6qS82_TRYS-icqpFIWgi847Q', 'https://play-lh.googleusercontent.com/l36GRB6ZI3ROwMuEZzyvnUUYWeSNRtzluCqL_I0LlaZ0MVVs6QAYlPrV1glxN6OwCA']",,,3 tuổi trở lên,,False,False,"9 thg 4, 2017","23 thg 1, 2026",1769160924,6.4.84,com.mbmobile,https://play.google.com/store/apps/details?id=com.mbmobile&hl=vi&gl=vn
VietinBank iPay,"VietinBank iPay Mobile - Ngân hàng số vạn năng dành cho Khách hàng Cá nhân của VietinBank.

CÔNG NGHỆ HIỆN ĐẠI & BẢO MẬT
- Định danh điện tử eKYC: Mở tài khoản thanh toán trực tuyến 
- FacePay: Công nghệ hiện đại bảo mật hàng đầu, áp dụng sinh trắc học kết hợp trí tuệ nhân tạo để xác thực cho các giao dịch tài chính, thanh toán qua iPay 
- Xác thực SoftOTP nhanh chóng và an toàn
HỆ SINH THÁI TÍNH NĂNG ƯU VIỆT
- Quản lý tài khoản: Mở tài khoản trực tuyến qua eKYC; Đặt số tài khoản theo yêu cầu; Đặt nickname cho tài khoản (Alias); Cá nhân hóa mã QR tài khoản; Chuyển khoản 24/7; Chia sẻ biến động số dư … 
- Quản lý thẻ: Mở/Đóng thẻ trực tuyến; thanh toán dư nợ thẻ tín dụng cùng hàng trăm ưu đãi lên đến 50%++ tại các đối tác khi thực hiện thanh toán bằng thẻ
- Gửi tiết kiệm online đa dạng hình thức với lãi suất ưu đãi
- Dịch vụ vay trực tuyến đa dạng; Thủ tục đơn giản; Giải ngân nhanh chóng
- Giải pháp thanh toán vượt trội: Thanh toán đa dạng hóa đơn; Đặt lịch thanh toán tự động; Thanh toán qua QRPay,… 
- Kết nối hàng nghìn nhà cung cấp dịch vụ: Đặt vé xem phim, đặt taxi, đặt vé tàu xe, vé máy bay, đặt phòng khách sạn, mua sắm trực tuyến với vô vàn ưu đãi giảm giá… 
- VietinBank Loyalty: Tích lũy điểm thưởng linh hoạt và quy đổi điểm thành quà tặng hấp dẫn thuộc nhiều lĩnh vực khác nhau
HOÀN TOÀN MIỄN PHÍ
- Miễn phí duy trì dịch vụ VietinBank iPay
- Miễn phí quản lý tài khoản
- Miễn phí chuyển khoản trong và ngoài hệ thống
- Miễn phí thông báo biến động số dư qua tin nhắn OTT trên VietinBank iPay
Ngoài ra, VietinBank iPay Mobile còn cung cấp hệ thống điểm ưu đãi, khuyến mãi; Tra cứu mạng lưới Chi nhánh/Phòng giao dịch/ATM thông minh tùy biến theo thông tin địa chỉ của khách hàng, có gợi ý khách hàng sử dụng thông qua công nghệ Big Data & AI.
Tải ứng dụng và trải nghiệm ngay!

Xếp hạng tín nhiệm của VietinBank:
https://investor.vietinbank.vn/InternationalRanking.aspx

Báo chí nói về VietinBank:
https://baochinhphu.vn/fitch-ratings-nang-xep-hang-tin-nhiem-doi-voi-vietinbank-102221130155611431.htm

Ngân hàng TMCP Công Thương Việt Nam - VietinBank
Địa chỉ: 108 Trần Hưng Đạo, Hoàn Kiếm, Hà Nội 
Hotline: 1900 558 868 | Email: Contact@vietinbank.vn","VietinBank iPay Mobile - Ngân hàng số vạn năng dành cho Khách hàng Cá nhân của VietinBank.<br><br>CÔNG NGHỆ HIỆN ĐẠI &amp; BẢO MẬT<br>- Định danh điện tử eKYC: Mở tài khoản thanh toán trực tuyến <br>- FacePay: Công nghệ hiện đại bảo mật hàng đầu, áp dụng sinh trắc học kết hợp trí tuệ nhân tạo để xác thực cho các giao dịch tài chính, thanh toán qua iPay <br>- Xác thực SoftOTP nhanh chóng và an toàn<br>HỆ SINH THÁI TÍNH NĂNG ƯU VIỆT<br>- Quản lý tài khoản: Mở tài khoản trực tuyến qua eKYC; Đặt số tài khoản theo yêu cầu; Đặt nickname cho tài khoản (Alias); Cá nhân hóa mã QR tài khoản; Chuyển khoản 24/7; Chia sẻ biến động số dư … <br>- Quản lý thẻ: Mở/Đóng thẻ trực tuyến; thanh toán dư nợ thẻ tín dụng cùng hàng trăm ưu đãi lên đến 50%++ tại các đối tác khi thực hiện thanh toán bằng thẻ<br>- Gửi tiết kiệm online đa dạng hình thức với lãi suất ưu đãi<br>- Dịch vụ vay trực tuyến đa dạng; Thủ tục đơn giản; Giải ngân nhanh chóng<br>- Giải pháp thanh toán vượt trội: Thanh toán đa dạng hóa đơn; Đặt lịch thanh toán tự động; Thanh toán qua QRPay,… <br>- Kết nối hàng nghìn nhà cung cấp dịch vụ: Đặt vé xem phim, đặt taxi, đặt vé tàu xe, vé máy bay, đặt phòng khách sạn, mua sắm trực tuyến với vô vàn ưu đãi giảm giá… <br>- VietinBank Loyalty: Tích lũy điểm thưởng linh hoạt và quy đổi điểm thành quà tặng hấp dẫn thuộc nhiều lĩnh vực khác nhau<br>HOÀN TOÀN MIỄN PHÍ<br>- Miễn phí duy trì dịch vụ VietinBank iPay<br>- Miễn phí quản lý tài khoản<br>- Miễn phí chuyển khoản trong và ngoài hệ thống<br>- Miễn phí thông báo biến động số dư qua tin nhắn OTT trên VietinBank iPay<br>Ngoài ra, VietinBank iPay Mobile còn cung cấp hệ thống điểm ưu đãi, khuyến mãi; Tra cứu mạng lưới Chi nhánh/Phòng giao dịch/ATM thông minh tùy biến theo thông tin địa chỉ của khách hàng, có gợi ý khách hàng sử dụng thông qua công nghệ Big Data &amp; AI.<br>Tải ứng dụng và trải nghiệm ngay!<br><br>Xếp hạng tín nhiệm của VietinBank:<br>https://investor.vietinbank.vn/InternationalRanking.aspx<br><br>Báo chí nói về VietinBank:<br>https://baochinhphu.vn/fitch-ratings-nang-xep-hang-tin-nhiem-doi-voi-vietinbank-102221130155611431.htm<br><br>Ngân hàng TMCP Công Thương Việt Nam - VietinBank<br>Địa chỉ: 108 Trần Hưng Đạo, Hoàn Kiếm, Hà Nội <br>Hotline: 1900 558 868 | Email: Contact@vietinbank.vn",Điểm tựa vững tiến,10.000.000+,10000000,18045232,4.3117743,96447,37497,"[13688, 1294, 1500, 4737, 75224]",0,True,VND,False,,,,False,,VietinBank,VietinBank,contact@vietinbank.vn,https://ebanking.vietinbank.vn/ipay/login.do,,https://www.vietinbank.vn/ls/vietinbankipay-policy.html,Tài chính,FINANCE,"[{'name': 'Tài chính', 'id': 'FINANCE'}]",https://play-lh.googleusercontent.com/F8D0AbyMmiuwsTZYLaPsu_o40XGfQHgvRnq25lVSWupgHPpH3-TQ9soMrWwDJco3siI,https://play-lh.googleusercontent.com/1Wov60GOzBZJDoXqLZgpjbFI_Z-wU8ScI6vlypeRFIXPf7zWQ4JBNqEf8bjXxehdOg,"['https://play-lh.googleusercontent.com/Cdg5cCEQiyNvGXe-ieesj4c0vOb_n_xyTxD4FaITPeJx1dgCEVqABL9gkvJLgMbVp3A', 'https://play-lh.googleusercontent.com/F1ybDorJ-gSBsLI5s-Eh1pMOgE1y8b9OVZ_rI70h1BbW13F5wdu_rgl7Xi4mtVsQMQ', 'https://play-lh.googleusercontent.com/xHZ91lktnTr1t-Y1eEs3jhPLPufL0cJqunACYLjtro5BM1nJ-GKgAArKXW_SqBt8DQ', 'https://play-lh.googleusercontent.com/Zep8IMPTQBid1y4i_aSxS5mIjgmv5KgN_FHxTShefCCF7iakaQBcLMGBQPMv6e8bbSFT', 'https://play-lh.googleusercontent.com/OK2ZbGZuWS1HM5rXxNru9AsYcAaQjzfWXPi9liXD_V8UufR-vTbumY-rkk0sCxL8gP0', 'https://play-lh.googleusercontent.com/lE2ND-ZF5fiIYMrJVh1tgiPu5VEmBiUawhErqrd-jTY9tRhTBe0-Qne8fVAoiBiwsno', 'https://play-lh.googleusercontent.com/-bvd9qDMlNtmcX-bsLiqeqgA2syeluGMBdzSiYMWlQPNPHYWC3vIZxOIVIbinybC_9ap', 'https://play-lh.googleusercontent.com/Td32P6T1td9zRe5kM2e7FGhHPaSHOpcZwg-Dyu5Jvzh7BOe3A0GbzJdVt8rHbiagwwg', 'https://play-lh.googleusercontent.com/e6ExXRjNNwUfsZqZGxH2ejWD-QdHCVSR1SsjNuv-Hplrnb3ncx33IFrSiKV3C4QcrA', 'https://play-lh.googleusercontent.com/_tf3zfx7bDpS5mkm0pq4fKGL7dsKuiQ1uW0hLkRbdsVnIPAdTqFFfqbtpP_RIc4ITA', 'https://play-lh.googleusercontent.com/hyuCskWNeCT_hp4K_Mm1PtFiCx0jx7Tc89QIKpzMHJV5XTyfEpxHtOs2MlSjgx39HJE', 'https://play-lh.googleusercontent.com/RxeQghwcIPJEJgCJDuNG3CSdlZDEuJFjgHHB7Y8MJpMgSVJWWbqJ6Yix9kz4uTcgCQ', 'https://play-lh.googleusercontent.com/dLs4UoRpY_WxCPhssJ9jZs_UgbE9iABMyv3LN5OByTGU4i2tyxUSkIzEh31s9SskZaI5', 'https://play-lh.googleusercontent.com/n3ddwQnpVst8MVDMEDXrJeXHZqObAtJzSEQkxZVQKr7Xhdstt08qhav5IUnIcBe34A', 'https://play-lh.googleusercontent.com/2Qy-_OYxjfkbidepnl89S8vfHKP872Iz14IHY_mzsJVSXZFA0taZG9bTt-tsqwwfFQc', 'https://play-lh.googleusercontent.com/JYwec3oVnKQNHiFGccNxqLfmBPboSav1A18eL80Mx0f0O6cLlPuhsn3qb8iLhkEkGmI', 'https://play-lh.googleusercontent.com/Wjq5GujOdothVlGzAJxKuBeaLU3Bzaitvto16WWgtf_Q_opvASurJmf_pUuL7k4uH0TL', 'https://play-lh.googleusercontent.com/YZN6_eoR9I16unm1cGX4J51LIfPakZlHV9myBMOzZZXFnMK3Kao75pIo6oFnYHnIa-bI']",https://www.youtube.com/embed/51pstbElvrU?vq=large&rel=0&autohide=1&showinfo=0,https://play-lh.googleusercontent.com/1Wov60GOzBZJDoXqLZgpjbFI_Z-wU8ScI6vlypeRFIXPf7zWQ4JBNqEf8bjXxehdOg,3 tuổi trở lên,,False,False,"9 thg 10, 2013","29 thg 12, 2025",1767012336,5.8.7,com.vietinbank.ipay,https://play.google.com/store/apps/details?id=com.vietinbank.ipay&hl=vi&gl=vn
TPBank Mobile,"Bạn có thể gói gọn cả ngân hàng vào chiếc điện thoại của mình nhờ có app TPBank Mobile. Dù ở nhà, đi dã ngoại, ở văn phòng hay ngồi café, bạn vẫn có thể mở tài khoản dùng ngay tại chỗ, thực hiện giao dịch ngân hàng ở bất kỳ nơi đâu. Tự hào là một sản phẩm digital tiên phong của TPBank – Ngân hàng của kỷ nguyên số, app TPBank Mobile được tin dùng bởi những lợi thế nổi bật:
 
APP NGÂN HÀNG CÓ TRẢI NGHIỆM “CHILL” NHẤT:
-	Mở tài khoản dễ dàng chỉ sau 5 giây định danh online.
-	Lấy Nickname, Shopname làm Số tài khoản cực chất, đậm dấu ấn cá nhân.
-	Miễn phí vô địch: chuyển tiền trong & ngoài hệ thống 0đ phí, miễn phí đăng ký, miễn phí sử dụng.
-	Voucher nhiều như “biển”, giao dịch đầu tiên là được hoàn tiền 50%.
 
SỞ HỮU NHIỀU TÍNH NĂNG CÔNG NGHỆ ĐỘT PHÁ:
-	Voice Pay: Chuyển tiền 100% bằng giọng nói vô cùng tiện lợi, đầu tiên trên thị trường.
-	Ứng dụng AI trong giao dịch chuyển tiền (gợi ý nội dung chuyển tiền), thống kê chi tiêu trực quan.
-	Voice search: tìm kiếm tính năng trong app bằng giọng nói.
 
Dịch vụ ngân hàng đơn giản và thuận tiện nhất, hiện đại nhất đã có app TPBank Mobile! Tải app và trải nghiệm ngay!","Bạn có thể gói gọn cả ngân hàng vào chiếc điện thoại của mình nhờ có app TPBank Mobile. Dù ở nhà, đi dã ngoại, ở văn phòng hay ngồi café, bạn vẫn có thể mở tài khoản dùng ngay tại chỗ, thực hiện giao dịch ngân hàng ở bất kỳ nơi đâu. Tự hào là một sản phẩm digital tiên phong của TPBank – Ngân hàng của kỷ nguyên số, app TPBank Mobile được tin dùng bởi những lợi thế nổi bật:<br> <br>APP NGÂN HÀNG CÓ TRẢI NGHIỆM “CHILL” NHẤT:<br>-	Mở tài khoản dễ dàng chỉ sau 5 giây định danh online.<br>-	Lấy Nickname, Shopname làm Số tài khoản cực chất, đậm dấu ấn cá nhân.<br>-	Miễn phí vô địch: chuyển tiền trong &amp; ngoài hệ thống 0đ phí, miễn phí đăng ký, miễn phí sử dụng.<br>-	Voucher nhiều như “biển”, giao dịch đầu tiên là được hoàn tiền 50%.<br> <br>SỞ HỮU NHIỀU TÍNH NĂNG CÔNG NGHỆ ĐỘT PHÁ:<br>-	Voice Pay: Chuyển tiền 100% bằng giọng nói vô cùng tiện lợi, đầu tiên trên thị trường.<br>-	Ứng dụng AI trong giao dịch chuyển tiền (gợi ý nội dung chuyển tiền), thống kê chi tiêu trực quan.<br>-	Voice search: tìm kiếm tính năng trong app bằng giọng nói.<br> <br>Dịch vụ ngân hàng đơn giản và thuận tiện nhất, hiện đại nhất đã có app TPBank Mobile! Tải app và trải nghiệm ngay!","Banking đậm chất TÔI, Miễn phí trọn đời",5.000.000+,5000000,6285602,3.2090032,66231,36686,"[25848, 2281, 2707, 2960, 32430]",0,True,VND,False,,,,False,,TPBank,TPBank,dichvu_khachhang@tpb.com.vn,http://tpb.vn,,https://tpb.vn/tin-tuc/thong-bao/dkdk_bao+ve+du+lieu+ca+nhan,Tài chính,FINANCE,"[{'name': 'Tài chính', 'id': 'FINANCE'}]",https://play-lh.googleusercontent.com/v3VudczO2phRrmRGvoJwy238AXPuwE44X0EbfTGDRLldw1jdKN5o5XD_-JJMedWz51yJeABkb7FgxKuFyeE05A,https://play-lh.googleusercontent.com/Zarcp8_lzDlHiffIFIKISejyjxSFVvPnsbl__TKz3fS3JdMLlq1JA_xxHFY9YuJ8eQ,"['https://play-lh.googleusercontent.com/pQ2HbX27nfRwD_U1x72biE2uk2f-LuVDL0y12JgcuPNLFPhzTHRqVWrlbL3Tt7fPdXPfAQKrCXbHcUwbFLc8GQU', 'https://play-lh.googleusercontent.com/cGTnV0SoWKj1wNIG-OabF7e87GKdPD-OcTGXXoWPhaRclQzx8615k_yj-TrPjYi8h7Y5Q-I3qySgBzJp8EFVfw', 'https://play-lh.googleusercontent.com/Hs_sZ3-kutmA2N3R-HxTO6hmwJEDULPh_pQcH2I_ZBygR1RmIUwFaKoiUox4PJRNRV7LWbZ7xdoiX0r7a8p7JQk', 'https://play-lh.googleusercontent.com/oPOyhrrzGWfel7pb6y0_pGmz-9pXkcX3APwObhEpXv_nBaNtyJ-JgFyE_dMiDNZk-VmKIzv39KpMfRt8gPnERA', 'https://play-lh.googleusercontent.com/WWd_ZXxP3q7c6DsyxcTFdzLNTdyWByRsFQJJ5mEcIGD487xgoLdL5CfPg64yUGAAlkodFcYJr2luSiJ0D45pUdc', 'https://play-lh.googleusercontent.com/wfPuUA4FQlifkHWTxr54R9Q_FbY239_zUchpNQkRBhbN8rItxRxwZyngfE3nZmAtg66nXE7XoA9wcWUQLFHCbw', 'https://play-lh.googleusercontent.com/i2Z7eYc2X7K6ix7HZr_mmaWbaBFuRO2KUP5eyz3Vmsd0zilNplfYBtYGtENO12OsabcyCc3hAiSw6IH2MvKO1w']",,,3 tuổi trở lên,,False,False,"30 thg 9, 2012","23 thg 1, 2026",1769158339,10.12.34,com.tpb.mb.gprsandroid,https://play.google.com/store/apps/details?id=com.tpb.mb.gprsandroid&hl=vi&gl=vn
Techcombank Mobile,"Techcombank Mobile là ứng dụng ngân hàng số mới tối ưu và thông minh hơn dành cho khách hàng cá nhân của Techcombank: chuyển tiền, thanh toán, giao dịch và quản lý tài chính chỉ gói gọn trong một ứng dụng duy nhất.
 
TRẢI NGHIỆM GIAO DỊCH ĐƯỢC CÁ NHÂN HÓA
Sở hữu số tài khoản đẹp như ý và giao diện thẻ cá tính
Tùy chỉnh nền tài khoản theo màu phong thủy cùng biểu tượng 12 con giáp
Linh hoạt thay đổi hình nền ứng dụng theo sở thích
Biểu đồ tài chính cá nhân hiển thị trực quan giúp theo dõi và quản lý dễ dàng
Tìm hiểu thói quen chi tiêu và giúp bạn lên kế hoạch tiết kiệm qua các giao dịch hàng ngày.
 
THANH TOÁN NHANH GỌN TRONG VÀI NỐT NHẠC
Thanh toán và chuyển khoản bằng mã QR cá nhân.
Chuyển khoản tiện lợi qua số điện thoại.
Thanh toán mọi hóa đơn tiện ích
Cài đặt thanh toán hóa đơn tự động chỉ 1 giây
 
AN TÂM GIAO DỊCH MỖI NGÀY
Bảo mật tuyệt đối với công nghệ xác thực giao dịch bằng sinh trắc học tiên tiến nhất
 
Hơn thế nữa, bạn còn được trải nghiệm miễn phí chuyển khoản trong và ngoài hệ thống cùng ưu đãi hoàn tiền đến 2% không giới hạn các giao dịch chi tiêu qua thẻ thanh toán quốc tế.
 
Tải ứng dụng để trải nghiệm ngay hôm nay!
 
Hội sở chính:
Tại Hà Nội: Số 6 Quang Trung, Trần Hưng Đạo, Hoàn Kiếm
Tại TP. Hồ Chí Minh: 23 Lê Duẩn, Quận 1
Thông tin xếp hạng tín nhiệm Techcombank:  https://techcombank.com/ve-chung-toi#xep-hang-tin-nhiem","Techcombank Mobile là ứng dụng ngân hàng số mới tối ưu và thông minh hơn dành cho khách hàng cá nhân của Techcombank: chuyển tiền, thanh toán, giao dịch và quản lý tài chính chỉ gói gọn trong một ứng dụng duy nhất.<br> <br>TRẢI NGHIỆM GIAO DỊCH ĐƯỢC CÁ NHÂN HÓA<br>Sở hữu số tài khoản đẹp như ý và giao diện thẻ cá tính<br>Tùy chỉnh nền tài khoản theo màu phong thủy cùng biểu tượng 12 con giáp<br>Linh hoạt thay đổi hình nền ứng dụng theo sở thích<br>Biểu đồ tài chính cá nhân hiển thị trực quan giúp theo dõi và quản lý dễ dàng<br>Tìm hiểu thói quen chi tiêu và giúp bạn lên kế hoạch tiết kiệm qua các giao dịch hàng ngày.<br> <br>THANH TOÁN NHANH GỌN TRONG VÀI NỐT NHẠC<br>Thanh toán và chuyển khoản bằng mã QR cá nhân.<br>Chuyển khoản tiện lợi qua số điện thoại.<br>Thanh toán mọi hóa đơn tiện ích<br>Cài đặt thanh toán hóa đơn tự động chỉ 1 giây<br> <br>AN TÂM GIAO DỊCH MỖI NGÀY<br>Bảo mật tuyệt đối với công nghệ xác thực giao dịch bằng sinh trắc học tiên tiến nhất<br> <br>Hơn thế nữa, bạn còn được trải nghiệm miễn phí chuyển khoản trong và ngoài hệ thống cùng ưu đãi hoàn tiền đến 2% không giới hạn các giao dịch chi tiêu qua thẻ thanh toán quốc tế.<br> <br>Tải ứng dụng để trải nghiệm ngay hôm nay!<br> <br>Hội sở chính:<br>Tại Hà Nội: Số 6 Quang Trung, Trần Hưng Đạo, Hoàn Kiếm<br>Tại TP. Hồ Chí Minh: 23 Lê Duẩn, Quận 1<br>Thông tin xếp hạng tín nhiệm Techcombank:  https://techcombank.com/ve-chung-toi#xep-hang-tin-nhiem",Dành cho khách hàng cá nhân,10.000.000+,10000000,10828126,4.7938857,547576,53832,"[14154, 2372, 7421, 34281, 489344]",0,True,VND,False,,,,False,,VIETNAM TECHNOLOGICAL  COMMERCIAL JOINT STOCK BANK,VIETNAM+TECHNOLOGICAL++COMMERCIAL+JOINT+STOCK+BANK,ebanking@techcombank.com.vn,https://techcombank.com/,,https://techcombank.com/ho-tro/chinh-sach-bao-mat,Tài chính,FINANCE,"[{'name': 'Tài chính', 'id': 'FINANCE'}]",https://play-lh.googleusercontent.com/25W7KhR0LNAZamG1DqhZaMK8EZcpePWuc3d1JgjirGo37McFAX65c29cS_1ABJyssw,https://play-lh.googleusercontent.com/DCD4E4FEDHNp4Z_pa-KckjNNP2I924ToE43fNW77YB9WRqZHYQF1VCrvQ41yiJVL6Lk,"['https://play-lh.googleusercontent.com/WafNmiQ613T7ZmZ5-UmNjpaz7khdven8ziApJHQNREPfOSDsEKFScZa9jR_QloDRLtM', 'https://play-lh.googleusercontent.com/rlpfAIQOZ5jwRTbOWgzUVGhoD-pRSOpuHg2dwmPZDO7H1BcxmJnjx-Yu6395Jkz2Wg', 'https://play-lh.googleusercontent.com/k4XPFZHGEuXIaa0MxoOGsslBS_nDKOyOqGkIDF_ZXg62LZ-9D9B7qFOyhhaZXtnQ8Q', 'https://play-lh.googleusercontent.com/LN28I0zu-HXn8q0450u9U055WfcYko7WLe5wXxIuKCY00LDQP3qFXtJWy5MvuxhqQ88', 'https://play-lh.googleusercontent.com/9fo7FEDlZ6_uWAETMG6mu9OkqJIRoLgHkkQwYe1zO0k7Oyxc7b1Z77nQ_NtMZnpt7hsN', 'https://play-lh.googleusercontent.com/uXBs09E9gDYevLLPTyDi-tOTS4bEWx3RcZhmth-DOvLH8v1muxC-wWpO-Q-Z3cnxQno', 'https://play-lh.googleusercontent.com/AWf8ISC1oNAJgckFOQd_iJ9q7FoEJPZkH_WtX1LPepAHuhvJqdWSmtpGzMdiTZPW77fS', 'https://play-lh.googleusercontent.com/o1XO3wTv9USB4nWmtjSODMyJMP6K6CkpY9p2NMjWHBAn9EieEY62u7fpjfuCrC7k5f8']",,,3 tuổi trở lên,,False,False,"28 thg 9, 2021","13 thg 1, 2026",1768289877,3.1.34 (20),vn.com.techcombank.bb.app,https://play.google.com/store/apps/details?id=vn.com.techcombank.bb.app&hl=vi&gl=vn
HDBank,"HDBank Mobile Banking là ứng dụng trực tuyến do HDBank phát triển, cam kết mang đến cho khách hàng những trải nghiệm dịch vụ ngân hàng hiện đại. Quý Khách hàng chỉ cần cài đặt ứng dụng để quản lý tài chính cá nhân một cách nhanh chóng, an toàn và tiện lợi mọi lúc mọi nơi.


Các tính năng chính của ứng dụng:
- Đăng nhập ứng dụng dùng sinh trắc học: vân tay, khuôn mặt hoặc dùng mã PIN.
- Thanh toán tiện lợi bằng QRPay tại hơn 50.000 cửa hàng, website chấp nhận thanh toán bằng mã VNPAY – QR.
- Trợ lý ảo (Chatbot) hỗ trợ hiệu quả các giao dịch trên ứng dụng thông qua giọng nói hoặc từ khóa.
- Thông tin thị trường chứng khoán.
- Đặt và thanh toán vé máy bay của 30 hãng hàng không trong nước và quốc tế.
- Tích hợp phương thức xác thực HDBank OTP vào ứng dụng để đem lại sự tiện lợi, an toàn cho khách hàng khi xác thực giao dịch. Đồng thời đáp ứng yêu cầu bảo mật của Ngân hàng nhà nước.
Các chức năng Quản lý tài chính:
- Truy vấn thông tin tài khoản: Tài khoản thanh toán, Tài khoản tiết kiệm, Tài khoản vay, Tài khoản thẻ tín dụng.
- Thực hiện giao dịch chuyển tiền: Chuyển tiền trong HDBank, Chuyển tiền ngoài HDBank (tự động chuyển tiền nhanh 24/7 đến các ngân hàng tham gia hệ thống NAPAS ), Chuyển tiền nhanh qua thẻ.
- Dịch vụ thanh toán: Hóa đơn sinh hoạt, Dịch vụ vận chuyển, Thanh toán khoản vay...
- Được trải nghiệm đặc quyền “0 phí” của tài khoản HDBank e-SkyOne: Miễn phí chuyển khoản, Miễn phí duy trì tài khoản, Miễn phí dịch vụ eBanking, Không yêu cầu số dư bình quân.
Các tiện ích khác:
- Tìm kiếm Chi nhánh/ Phòng giao dịch, ATM.
- Xem thông tin sản phẩm dịch vụ, ưu đãi dành cho khách hàng, thông tin lãi suất.
- Và nhiều tiện ích khác.
HDBank Mobile Banking liên tục được đổi mới và hoàn thiện nhằm tối ưu hóa sự tiện lợi dành cho khách hàng. Hãy tải và đăng ký HDBank Mobile Banking ngay hôm nay để trải nghiệm các dịch vụ tài chính hiện đại, đẳng cấp.


Hội sở chính: 25Bis Nguyễn Thị Minh Khai, Phường Bến Nghé, Quận 1, TP. Hồ Chí Minh, Việt Nam
Hotline 24/7: 19006060
Website: https://hdbank.com.vn
Thông tin xếp hạng tín nhiệm: https://hdbank.com.vn/vi/investor/thong-tin-nha-dau-tu/xep-hang-tin-nhiem","HDBank Mobile Banking là ứng dụng trực tuyến do HDBank phát triển, cam kết mang đến cho khách hàng những trải nghiệm dịch vụ ngân hàng hiện đại. Quý Khách hàng chỉ cần cài đặt ứng dụng để quản lý tài chính cá nhân một cách nhanh chóng, an toàn và tiện lợi mọi lúc mọi nơi.<br><br><br>Các tính năng chính của ứng dụng:<br>- Đăng nhập ứng dụng dùng sinh trắc học: vân tay, khuôn mặt hoặc dùng mã PIN.<br>- Thanh toán tiện lợi bằng QRPay tại hơn 50.000 cửa hàng, website chấp nhận thanh toán bằng mã VNPAY – QR.<br>- Trợ lý ảo (Chatbot) hỗ trợ hiệu quả các giao dịch trên ứng dụng thông qua giọng nói hoặc từ khóa.<br>- Thông tin thị trường chứng khoán.<br>- Đặt và thanh toán vé máy bay của 30 hãng hàng không trong nước và quốc tế.<br>- Tích hợp phương thức xác thực HDBank OTP vào ứng dụng để đem lại sự tiện lợi, an toàn cho khách hàng khi xác thực giao dịch. Đồng thời đáp ứng yêu cầu bảo mật của Ngân hàng nhà nước.<br>Các chức năng Quản lý tài chính:<br>- Truy vấn thông tin tài khoản: Tài khoản thanh toán, Tài khoản tiết kiệm, Tài khoản vay, Tài khoản thẻ tín dụng.<br>- Thực hiện giao dịch chuyển tiền: Chuyển tiền trong HDBank, Chuyển tiền ngoài HDBank (tự động chuyển tiền nhanh 24/7 đến các ngân hàng tham gia hệ thống NAPAS ), Chuyển tiền nhanh qua thẻ.<br>- Dịch vụ thanh toán: Hóa đơn sinh hoạt, Dịch vụ vận chuyển, Thanh toán khoản vay...<br>- Được trải nghiệm đặc quyền “0 phí” của tài khoản HDBank e-SkyOne: Miễn phí chuyển khoản, Miễn phí duy trì tài khoản, Miễn phí dịch vụ eBanking, Không yêu cầu số dư bình quân.<br>Các tiện ích khác:<br>- Tìm kiếm Chi nhánh/ Phòng giao dịch, ATM.<br>- Xem thông tin sản phẩm dịch vụ, ưu đãi dành cho khách hàng, thông tin lãi suất.<br>- Và nhiều tiện ích khác.<br>HDBank Mobile Banking liên tục được đổi mới và hoàn thiện nhằm tối ưu hóa sự tiện lợi dành cho khách hàng. Hãy tải và đăng ký HDBank Mobile Banking ngay hôm nay để trải nghiệm các dịch vụ tài chính hiện đại, đẳng cấp.<br><br><br>Hội sở chính: 25Bis Nguyễn Thị Minh Khai, Phường Bến Nghé, Quận 1, TP. Hồ Chí Minh, Việt Nam<br>Hotline 24/7: 19006060<br>Website: https://hdbank.com.vn<br>Thông tin xếp hạng tín nhiệm: https://hdbank.com.vn/vi/investor/thong-tin-nha-dau-tu/xep-hang-tin-nhiem",HDBank Mobile Banking,1.000.000+,1000000,3385030,3.6682134,13070,5040,"[3678, 322, 505, 707, 7853]",0,True,VND,False,,,,False,,Ngân hàng Phát triển TP HCM,Ng%C3%A2n+h%C3%A0ng+Ph%C3%A1t+tri%E1%BB%83n+TP+HCM,iportal@hdbank.com.vn,http://www.hdbank.com.vn,,https://ebanking.hdbank.vn/ebanking/dieukhoansudung.htm,Tài chính,FINANCE,"[{'name': 'Tài chính', 'id': 'FINANCE'}]",https://play-lh.googleusercontent.com/6rOYK8bAbQuLQxTCQlzhZZy6e8yNyHn0XbIU4ioYpRetNbf9t8OwKcrd36p7g4UtvhU,https://play-lh.googleusercontent.com/FEboU4dvT6OGvtnnYEd8B8tUueZ36EcvVftM9cXOCTE5Fm0U8-RCW5QJbnCELaiCH-U,"['https://play-lh.googleusercontent.com/rYAZTd9b2uGufLRjjAx_T2NX29GGVnb8VIKPTe1o1ch-aRPKnMhGV3tK3XSp06uTAoQM', 'https://play-lh.googleusercontent.com/NyIaYMhs7xc0F0VsxSnNXwTBs9pTyDYqKwT9TuWxDOhIN_j6MqSZGE6kcJjHuECmZ5M', 'https://play-lh.googleusercontent.com/ZwbfdvzKpmC9n8J_2KWBda_3I8Drw6iKJ4U-5g_omuwyK8oo0WbSNeFYFHAzEiaFl3Y', 'https://play-lh.googleusercontent.com/g1wTcwrWWMSRq1jxMpdQvfLffHy2EB6PFaQ4xKaLJ2mrOsgqj1hyD3bGSmcK8RTkh534', 'https://play-lh.googleusercontent.com/pmyHV0Q33CrtAHjvxPtNfpfT9NkwUp2BrOBTUIbTRMsvXJal8kOG4fnyZ9YlyvJF', 'https://play-lh.googleusercontent.com/SFAZEyA6KPOffRX32ubVoO9i7y4F2XdadW1yGQurGZSFVjxi4EguvqJjr-IWLpBfDbyG', 'https://play-lh.googleusercontent.com/j3naKNciDXz87DqXXTwCcfrvnIvHeSijQXLYynHj8JMpO2mMIfautmSAFqq84fG7xQ', 'https://play-lh.googleusercontent.com/IFlIWhe5VvKy_KWEHRiikFvxX58XV3lJm9ox6JcS62OTb2B_AjDwiIDCgYq0xqLz7lJg']",,,3 tuổi trở lên,,False,False,"1 thg 5, 2019","29 thg 6, 2025",1751250997,3.3.3,com.vnpay.hdbank,https://play.google.com/store/apps/details?id=com.vnpay.hdbank&hl=vi&gl=vn
ACB ONE,"Ngân hàng số ACB ONE - Giao dịch DỄ DÀNG, AN TOÀN và BẢO MẬT.

#100% ONLINE, GIAO DỊCH CHỦ ĐỘNG KHẮP MỌI NƠI  
* 1 lần đăng ký, sở hữu bộ ba Tài khoản trực tuyến - Thẻ ghi nợ - Dịch vụ Ngân hàng số 
* 0 phí dịch vụ: chuyển tiền, quản lý tài khoản và không cần duy trì số dư tối thiểu 
* Số tài khoản ngắn, dễ nhớ, dễ giao dịch 
 
#VIDEO CALL, MỞ RỘNG TIỆN ÍCH TRONG TÍCH TẮC 
* Gọi miễn phí qua app ACB ONE để chuyển đổi loại tài khoản với quyền lợi, ưu đãi cao hơn 
* Xác thực định danh khuôn mặt bằng công nghệ AI an toàn 
* Thực hiện nhanh chóng, tiện lợi, không cần ra quầy 
 
#ACB SAFEKEY, XÁC THỰC GIAO DỊCH NGAY TRÊN APP 
* Đăng ký xác thực OTP ngay trên ứng dụng ACB ONE miễn phí 
* Mã OTP được điền tự động, không cần nhớ hoặc sao chép mã 
* Bảo mật cao - Nhận mã OTP ngay cả khi giao dịch ở nước ngoài 
* Hạn mức giao dịch online được nâng cao không giới hạn (Vui lòng nâng cấp hạn mức giao dịch mong muốn tại CN/ PGD gần nhất) 
 
#ACB REWARDS, VUI GẮN KẾT, SĂN QUÀ HOT 
* Tích điểm thưởng không giới hạn 
* Giao dịch càng nhiều, tích điểm càng nhiều 
* Đổi quà theo sở thích với kho quà mua sắm, ăn uống, giáo dục và giải trí 
* Chuyển tặng điểm cho nhau dễ dàng, cùng chia sẻ quà hot quanh năm 
 
#SỐNG NHẸ NHÀNG HƠN VỚI ĐA DẠNG TIỆN ÍCH 
* Quản lý thẻ online. Trả góp 0% lãi, 0% phí mọi lúc mọi nơi 
* Gửi tiết kiệm online, tặng thêm lãi suất 
* Mua Bảo hiểm Sun Life online 
* Giao dịch, nộp/ rút tiền bằng mã QR 
* Thanh toán hóa đơn online: điện, nước, điện thoại, truyền hình cáp, Internet trên toàn quốc 
* Thanh toán vé tàu hỏa, vé máy bay 
* Thanh toán học phí online với chương trình liên kết thẻ học đường SSC 
* Liên kết ví điện tử Momo, ShopeePay, ZaloPay,... 
Và còn rất nhiều sản phẩm, dịch vụ khác giúp ích cho cuộc sống hằng ngày của bạn. Tải ứng dụng ACB ONE và đăng ký tài khoản ACB ngay! 
 
#THÔNG TIN LIÊN HỆ 
Phòng Chăm sóc và dịch vụ khách hàng: 1900 54 54 86 – (028) 38 247 247 - 1800 577 775 (Miễn phí dành cho KH Ưu Tiên), hoặc Chi nhánh/ Phòng giao dịch ACB gần nhất.","Ngân hàng số ACB ONE - Giao dịch DỄ DÀNG, AN TOÀN và BẢO MẬT.<br><br>#100% ONLINE, GIAO DỊCH CHỦ ĐỘNG KHẮP MỌI NƠI  <br>* 1 lần đăng ký, sở hữu bộ ba Tài khoản trực tuyến - Thẻ ghi nợ - Dịch vụ Ngân hàng số <br>* 0 phí dịch vụ: chuyển tiền, quản lý tài khoản và không cần duy trì số dư tối thiểu <br>* Số tài khoản ngắn, dễ nhớ, dễ giao dịch <br> <br>#VIDEO CALL, MỞ RỘNG TIỆN ÍCH TRONG TÍCH TẮC <br>* Gọi miễn phí qua app ACB ONE để chuyển đổi loại tài khoản với quyền lợi, ưu đãi cao hơn <br>* Xác thực định danh khuôn mặt bằng công nghệ AI an toàn <br>* Thực hiện nhanh chóng, tiện lợi, không cần ra quầy <br> <br>#ACB SAFEKEY, XÁC THỰC GIAO DỊCH NGAY TRÊN APP <br>* Đăng ký xác thực OTP ngay trên ứng dụng ACB ONE miễn phí <br>* Mã OTP được điền tự động, không cần nhớ hoặc sao chép mã <br>* Bảo mật cao - Nhận mã OTP ngay cả khi giao dịch ở nước ngoài <br>* Hạn mức giao dịch online được nâng cao không giới hạn (Vui lòng nâng cấp hạn mức giao dịch mong muốn tại CN/ PGD gần nhất) <br> <br>#ACB REWARDS, VUI GẮN KẾT, SĂN QUÀ HOT <br>* Tích điểm thưởng không giới hạn <br>* Giao dịch càng nhiều, tích điểm càng nhiều <br>* Đổi quà theo sở thích với kho quà mua sắm, ăn uống, giáo dục và giải trí <br>* Chuyển tặng điểm cho nhau dễ dàng, cùng chia sẻ quà hot quanh năm <br> <br>#SỐNG NHẸ NHÀNG HƠN VỚI ĐA DẠNG TIỆN ÍCH <br>* Quản lý thẻ online. Trả góp 0% lãi, 0% phí mọi lúc mọi nơi <br>* Gửi tiết kiệm online, tặng thêm lãi suất <br>* Mua Bảo hiểm Sun Life online <br>* Giao dịch, nộp/ rút tiền bằng mã QR <br>* Thanh toán hóa đơn online: điện, nước, điện thoại, truyền hình cáp, Internet trên toàn quốc <br>* Thanh toán vé tàu hỏa, vé máy bay <br>* Thanh toán học phí online với chương trình liên kết thẻ học đường SSC <br>* Liên kết ví điện tử Momo, ShopeePay, ZaloPay,... <br>Và còn rất nhiều sản phẩm, dịch vụ khác giúp ích cho cuộc sống hằng ngày của bạn. Tải ứng dụng ACB ONE và đăng ký tài khoản ACB ngay! <br> <br>#THÔNG TIN LIÊN HỆ <br>Phòng Chăm sóc và dịch vụ khách hàng: 1900 54 54 86 – (028) 38 247 247 - 1800 577 775 (Miễn phí dành cho KH Ưu Tiên), hoặc Chi nhánh/ Phòng giao dịch ACB gần nhất.",Ứng dụng ACB-mBanking (ACB Mobile App) của ACB,5.000.000+,5000000,5486365,3.77414,36280,14467,"[9592, 976, 955, 1258, 23494]",0,True,VND,False,,,,False,,Asia Commercial Bank,Asia+Commercial+Bank,acbdevteam@gmail.com,http://www.acb.com.vn,,https://www.acb.com.vn/chinh-sach-bao-mat-thong-tin-ca-nhan,Tài chính,FINANCE,"[{'name': 'Tài chính', 'id': 'FINANCE'}]",https://play-lh.googleusercontent.com/knIdLBzE-ngS8Fhim_0FxH56vWhXaQmuLcpMdAcoFY_790hd3t4_XQAlyEWUnYJRyWFP,https://play-lh.googleusercontent.com/6Or1GX3gCDc4rgf7gV5TQIUfyVUFWTiB4Apx-lraEgqX8jkef0N6j0GJdwkdMzo8d_U,"['https://play-lh.googleusercontent.com/zpWbQqovZw0r2xE3eugm_NPPH9MWe8jSElWHb-Zx5pdwYxV65I1Rm1P88z6j8J1mHA80nTmalp0Po33k04KS', 'https://play-lh.googleusercontent.com/UaZGNOP1ljdfhMZy2beK21NixEyCpms-oBm6ZB-Nb8Qom6K5-xbW_lX7ltf6707gFmbU9OzjfBS6utoUxJtB2AQ', 'https://play-lh.googleusercontent.com/u8FddGX8x_I-MxX9b5ihn5LCkSgRIbFUrkyuaf80U1HifWoYPtylbBt-A20yPGzWIqd5iIDjV9qvk7w8RKG9', 'https://play-lh.googleusercontent.com/z_yJDyUJLwOjwBQ4QtC_aT06F4zgQZ6P0P6OOeGa2P89yeNO5f7afEE_FX8kTTfLkGuzTspRv-8qzMXmSlgWAg', 'https://play-lh.googleusercontent.com/NtaXXZ6jgNPYcuFVRE0mlKUs82P0UGE4n8Emrnbyn7HRjXz02SitgDk5Yvxulxyq3FZQI1ifBkascHKCtJs-w98', 'https://play-lh.googleusercontent.com/XBMb6sps1FnT_HCNfjGiZG2mu3fGeEbVy9Dj-W9CE4bNdmFVKB4oYOktStjy4DxbFADqBDb7R-Fq-pj2ujeo']",,,3 tuổi trở lên,,True,True,"20 thg 3, 2017","29 thg 12, 2025",1767009777,3.46.0,mobile.acb.com.vn,https://play.google.com/store/apps/details?id=mobile.acb.com.vn&hl=vi&gl=vn
OCB OMNI,"Ngân hàng số thế hệ mới OCB OMNI của Ngân hàng TMCP Phương Đông (OCB) với đa dạng sản phẩm dịch vụ tài chính và tiện ích được tối ưu theo hướng đơn giản nhưng hiện đại, hiệu quả và cá nhân hóa trải nghiệm cho từng khách hàng... đảm bảo giao dịch nhanh chóng 24/7, an toàn, bảo mật và tiện lợi.

Giao dịch mượt, dễ dàng thao tác
- Tốc độ giao dịch nhanh, liền mạch 
- Các bước thao tác ngắn ngọn, chính xác
- Thiết kế dịch vụ dễ hiểu ngay lần đầu sử dụng

Tiện dụng trong từng dịch vụ
- Mở tài khoản số đẹp dễ dàng và có ngay sau 2 phút
- Chuyển tiền và thanh toán miễn phí chỉ cần quét mã QR
- Quản lý và tạo nhóm hóa đơn để thanh toán chỉ trong 1 lần
- Mở tiết kiệm nhanh, rút một phần hoặc toàn bộ online 100% 

Cá nhân hóa trải nghiệm
- Chủ động cài đặt giao dịch ưu thích ngay trang chủ để dễ dàng sử dụng nhanh
- Chỉ 1 chạm tìm kiếm ngay thông tin cần
- Trải nghiệm không gian dịch vụ tài chính và ưu đãi dành riêng cho từng khách hàng
- Tích điểm thành viên không giới hạn sau mỗi giao dịch để đổi thành quà tặng hấp dẫn


An toàn & Bảo mật tuyệt đối
Bảo mật tuyệt đối với công nghệ xác thực giao dịch Smart OTP theo tiêu chuẩn FIDO, không cần nhớ hoặc sao chép mã OTP.

Cùng nhiều sản phẩm & dịch vụ khác giúp cuộc sống trở nên dễ dàng. Tải ứng dụng OCB OMNI và trải nghiệm ngay!
Thông tin liên hệ:
Website: https://www.ocb.com.vn
Hotline: 18006678
Hội sở chính: tòa nhà The HallMark, Số 15 Trần Bạch Đằng, Phường Thủ Thiêm, Thành phố Thủ Đức, Thành phố Hồ Chí Minh.","Ngân hàng số thế hệ mới OCB OMNI của Ngân hàng TMCP Phương Đông (OCB) với đa dạng sản phẩm dịch vụ tài chính và tiện ích được tối ưu theo hướng đơn giản nhưng hiện đại, hiệu quả và cá nhân hóa trải nghiệm cho từng khách hàng... đảm bảo giao dịch nhanh chóng 24/7, an toàn, bảo mật và tiện lợi.<br><br>Giao dịch mượt, dễ dàng thao tác<br>- Tốc độ giao dịch nhanh, liền mạch <br>- Các bước thao tác ngắn ngọn, chính xác<br>- Thiết kế dịch vụ dễ hiểu ngay lần đầu sử dụng<br><br>Tiện dụng trong từng dịch vụ<br>- Mở tài khoản số đẹp dễ dàng và có ngay sau 2 phút<br>- Chuyển tiền và thanh toán miễn phí chỉ cần quét mã QR<br>- Quản lý và tạo nhóm hóa đơn để thanh toán chỉ trong 1 lần<br>- Mở tiết kiệm nhanh, rút một phần hoặc toàn bộ online 100% <br><br>Cá nhân hóa trải nghiệm<br>- Chủ động cài đặt giao dịch ưu thích ngay trang chủ để dễ dàng sử dụng nhanh<br>- Chỉ 1 chạm tìm kiếm ngay thông tin cần<br>- Trải nghiệm không gian dịch vụ tài chính và ưu đãi dành riêng cho từng khách hàng<br>- Tích điểm thành viên không giới hạn sau mỗi giao dịch để đổi thành quà tặng hấp dẫn<br><br><br>An toàn &amp; Bảo mật tuyệt đối<br>Bảo mật tuyệt đối với công nghệ xác thực giao dịch Smart OTP theo tiêu chuẩn FIDO, không cần nhớ hoặc sao chép mã OTP.<br><br>Cùng nhiều sản phẩm &amp; dịch vụ khác giúp cuộc sống trở nên dễ dàng. Tải ứng dụng OCB OMNI và trải nghiệm ngay!<br>Thông tin liên hệ:<br>Website: https://www.ocb.com.vn<br>Hotline: 18006678<br>Hội sở chính: tòa nhà The HallMark, Số 15 Trần Bạch Đằng, Phường Thủ Thiêm, Thành phố Thủ Đức, Thành phố Hồ Chí Minh.",OCB OMNI - Ngân hàng số thế hệ mới của Ngân hàng TMCP Phương Đông (OCB),500.000+,500000,699744,4.8263307,7209,3802,"[201, 19, 39, 302, 6642]",0,True,VND,False,,,,False,,Orient Commercial Joint Stock Bank,Orient+Commercial+Joint+Stock+Bank,dvkh@ocb.com.vn,https://ocb.com.vn/vi/ca-nhan,,https://www.ocb.com.vn/en/security-policy/en-dieu-kien-va-dieu-khoan-su-dung-ocb-omni,Tài chính,FINANCE,"[{'name': 'Tài chính', 'id': 'FINANCE'}]",https://play-lh.googleusercontent.com/KZ-6qwhiLAdP0zjFUtLYeoCj5i8IN9NjWFSrHKkomVJ24BJMq8wGRGAlLzaufBZE76EMwdqZyibBYVzCU9OU4Q,https://play-lh.googleusercontent.com/gT8vJQ16ym9mtTxwRTWT39JbBuch3PHC38-rIErwLhZ18YnEjfccSUUMmgNVlJIMPg,"['https://play-lh.googleusercontent.com/INFR4VBgqUeuUuUsciiht8L86KjuGABLmenmW_uodoiGrFQI59ISHw_mD3PnuiAlxZPW', 'https://play-lh.googleusercontent.com/dN2yvou_iydis2gkO5a_1gLfUpAx0-huAQdYqBe9lvq0tiUwoo0S8eXTXA12-5h-_0yK', 'https://play-lh.googleusercontent.com/6ur0GjHHRVpCOb6TU_pP7cpwh9IPPcnlgGuY9aM_OaWpuwRTcZLk5ImlsDzn6AHlCyc', 'https://play-lh.googleusercontent.com/ivUUStE5i1LUVRLTpbLorRY4BevlyBjrcJ2A9epnYF42xgPdsSjBL1URLXsHDcgNFA', 'https://play-lh.googleusercontent.com/VJ2bi9rnwIYx-coltaB_S3jqHC5BD_DpB_st7rZ9ysA9_xbNacyLi75DIv9YQBDv4eI', 'https://play-lh.googleusercontent.com/0EgbsECTuqM_Nk_99fjaDcZ7MXWtviQXFaViHC683MArN_0YHaM5fPyU7MZ5VfAdwW8', 'https://play-lh.googleusercontent.com/bc3V1_83KKMrm3q6HdxdF-ZmoOJFREs71nI-QW_t03rPPGU7VZjYnOsjEEEM9YjjS6il', 'https://play-lh.googleusercontent.com/zqID2iWqev-9AZpR2i98hV3Fv264ccoMwjtqpJJO_H2PixsUFcFGbFgvnrjYn9axPQs', 'https://play-lh.googleusercontent.com/22RBUMSd7aAfPmeUeiAKnRG-8s3ife_EzDUO4CzfXhdRQn6e2dDXPcZDSPAPI1ppH7o', 'https://play-lh.googleusercontent.com/nydnfDunHas1K9vhFNSipx-_MrNTj9KNdrTZtthz_o7KDo8QIwqpM3TvbLYRantJClQ', 'https://play-lh.googleusercontent.com/utV3VoYNJbhWgX3FLe59Qlz9U4Ovs1UIpRcW3uR9Qpivkzjot-qkzAlTkY3n14obIKg', 'https://play-lh.googleusercontent.com/A0W0K5_r7WHE-Rb3_8w6Qa2m3-Q4wDq501n3iIfVUzgmOkoeSTjz0y5FbFlqc5rLZ_U', 'https://play-lh.googleusercontent.com/cFnmDqUWJYBxx0IrCaGjW5nizKosCL5UmFYmdeboRdezz8iUicVy9ZyHa5-37K4qLu1C', 'https://play-lh.googleusercontent.com/SFDB76fbmh-Wif4wMeJUfj5hSw9hrwYZHeZbj_Pvy7Ywv4SkgjTi2Ot373-fO00NhrY', 'https://play-lh.googleusercontent.com/KxE1ywpN5PgkKbkDhpiWr33ntWu5X3v3dw6imnZKyyj2vOAyrruNXRcmSHCBOQHlkA', 'https://play-lh.googleusercontent.com/8nIGinAAvEK0Luex2Rw8ZYi1E8frQ1Z5prioHjqdN8Hf85_H5HgifOupTyAyLR-wNDI', 'https://play-lh.googleusercontent.com/Yg5ZrHkKkw7MjP0Fn5nLRnjJirC9CPj97tHRBgWyJTeJjm_UKh85VC6EF7M-LslzMN6P', 'https://play-lh.googleusercontent.com/7fzPiCkhv3EHhxDFnS8PqPnf5XNGbfbzGSI32AUja7R_6kxcskvVKWsnfzSrGnSKfisW', 'https://play-lh.googleusercontent.com/D4eqo_4JZF2x6r1sabsgCI--zdNcB8BjifyUm2OlLh-UTmESpjwpDpZ6Cvw-qG2Beg']",,,12 tuổi trở lên,Cần có hướng dẫn của cha mẹ,False,False,"9 thg 1, 2024","8 thg 1, 2026",1767853067,2.4.0,vn.com.ocb.awe,https://play.google.com/store/apps/details?id=vn.com.ocb.awe&hl=vi&gl=vn
MSB mBank (Cá nhân),"CHÀO MỪNG BẠN ĐẾN VỚI TRẢI NGHIỆM SỐ HOÀN TOÀN MỚI CỦA MSB MBANK!
 
Là ngân hàng được trao tăng giải thưởng “Ngân hàng chuyển đổi số tốt nhất Việt Nam 2022”(*), MSB đang nỗ lực mỗi ngày để mang đến những trải nghiệm số dễ dàng, an toàn, nhanh chóng với nhiều tiện ích vượt trội.
Mở tài khoản MSB từ hôm nay để trải nghiệm ngay các sản phẩm:
 
*TÀI KHOẢN THANH TOÁN MIỄN PHÍ TRỌN ĐỜI
- 01 phút đăng ký với định danh 100% online nhanh chóng, hiện đại
- Số tài khoản là số điện thoại, ngày sinh, tên nickname theo ý thích
- Không yêu cầu số dư tối thiểu, miễn phí trọn đời các dịch vụ (chuyển khoản online nội bộ & liên ngân hàng Napas 247, phát hành thẻ ghi nợ nội địa M-Pro, rút tiền tại ATM MSB, duy trì tài khoản)
- Tự động tách giao dịch chuyển khoản 24/7 hạn mức lên đến 10 tỷ đồng chỉ 1 lần thao tác
 
*TIẾT KIỆM ONLINE LÃI SUẤT HẤP DẪN, AN TOÀN TUYỆT ĐỐI
- Lãi suất tiết kiệm hấp dẫn, đa dạng hình thức, kỳ hạn gửi phù hợp với mọi nhu cầu
- Không cần giấy tờ phức tạp, không cần ra phòng giao dịch.
- Cộng ngay 0,9% lãi suất khi mở tiết kiệm lần đầu tại MSB
- Dễ dàng theo dõi, quản lý, kiểm tra số dư tiết kiệm online 24/7
 
*DỊCH VỤ TIỆN ÍCH GÓI GỌN TRONG 1 APP
- Thanh toán hóa đơn, nạp tiền tự động chỉ 1 cú chạm
- Theo dõi, quản lý chi tiêu hàng tháng
- Đặt lịch chuyển tiền tương lai, định kỳ dễ dàng
- Tìm ATM, chi nhánh gần nhất ngay trên app
 
*ƯU ĐÃI HẤP DẪN TỪ MSB CÙNG CÁC ĐỐI TÁC
- Hoàn tiền lên đến 1,2 triệu đồng/ năm khi thanh toán hóa đơn & nạp tiền tự động trên ứng Internet Banking/ Mobile Banking
- Nhận tới tối đa 2 triệu đồng khi giới thiệu bạn bè cùng đăng ký mở tài khoản qua ứng dụng MSB mBank
- Ngoài ra còn có ngàn ưu đãi từ +300 đối tác ngay khi mở tài khoản
*Link điều kiện điều khoản của MSB:
- Bản tiếng Việt : https://ebank.msb.com.vn/MBAIBSRetail/static/v2/Decree13.pdf
- Bản tiếng Anh : https://ebank.msb.com.vn/MBAIBSRetail/static/v2/Decree13_en.pdf
Tải MSB mBank, an toàn tuyệt đối, bảo mật tối đa để an tâm trải nghiệm!
 
(*) Giải thưởng do Tạp chí The Global Economic trao tặng. Xem thêm các giải thưởng MSB được trao tặng: https://www.msb.com.vn/vi/tin-tuc.html#giai-thuong 
_________________________________________
MSB - Cùng vươn tầm

Địa chỉ: Số 54A Nguyễn Chí Thanh, Phường Láng Thượng, Quận Đống Đa, Thành phố Hà Nội, Việt Nam
Email: CSKHCaNhan@msb.com.vn , CSKHDoanhNghiep@msb.com.vn
Hotline: 19006083 (cá nhân) - 18006260 (doanh nghiệp)
Website: https://msb.com.vn/   ​​​​​​​
Zalo: https://zalo.me/msbvietnam","CHÀO MỪNG BẠN ĐẾN VỚI TRẢI NGHIỆM SỐ HOÀN TOÀN MỚI CỦA MSB MBANK!<br> <br>Là ngân hàng được trao tăng giải thưởng “Ngân hàng chuyển đổi số tốt nhất Việt Nam 2022”(*), MSB đang nỗ lực mỗi ngày để mang đến những trải nghiệm số dễ dàng, an toàn, nhanh chóng với nhiều tiện ích vượt trội.<br>Mở tài khoản MSB từ hôm nay để trải nghiệm ngay các sản phẩm:<br> <br>*TÀI KHOẢN THANH TOÁN MIỄN PHÍ TRỌN ĐỜI<br>- 01 phút đăng ký với định danh 100% online nhanh chóng, hiện đại<br>- Số tài khoản là số điện thoại, ngày sinh, tên nickname theo ý thích<br>- Không yêu cầu số dư tối thiểu, miễn phí trọn đời các dịch vụ (chuyển khoản online nội bộ &amp; liên ngân hàng Napas 247, phát hành thẻ ghi nợ nội địa M-Pro, rút tiền tại ATM MSB, duy trì tài khoản)<br>- Tự động tách giao dịch chuyển khoản 24/7 hạn mức lên đến 10 tỷ đồng chỉ 1 lần thao tác<br> <br>*TIẾT KIỆM ONLINE LÃI SUẤT HẤP DẪN, AN TOÀN TUYỆT ĐỐI<br>- Lãi suất tiết kiệm hấp dẫn, đa dạng hình thức, kỳ hạn gửi phù hợp với mọi nhu cầu<br>- Không cần giấy tờ phức tạp, không cần ra phòng giao dịch.<br>- Cộng ngay 0,9% lãi suất khi mở tiết kiệm lần đầu tại MSB<br>- Dễ dàng theo dõi, quản lý, kiểm tra số dư tiết kiệm online 24/7<br> <br>*DỊCH VỤ TIỆN ÍCH GÓI GỌN TRONG 1 APP<br>- Thanh toán hóa đơn, nạp tiền tự động chỉ 1 cú chạm<br>- Theo dõi, quản lý chi tiêu hàng tháng<br>- Đặt lịch chuyển tiền tương lai, định kỳ dễ dàng<br>- Tìm ATM, chi nhánh gần nhất ngay trên app<br> <br>*ƯU ĐÃI HẤP DẪN TỪ MSB CÙNG CÁC ĐỐI TÁC<br>- Hoàn tiền lên đến 1,2 triệu đồng/ năm khi thanh toán hóa đơn &amp; nạp tiền tự động trên ứng Internet Banking/ Mobile Banking<br>- Nhận tới tối đa 2 triệu đồng khi giới thiệu bạn bè cùng đăng ký mở tài khoản qua ứng dụng MSB mBank<br>- Ngoài ra còn có ngàn ưu đãi từ +300 đối tác ngay khi mở tài khoản<br>*Link điều kiện điều khoản của MSB:<br>- Bản tiếng Việt : https://ebank.msb.com.vn/MBAIBSRetail/static/v2/Decree13.pdf<br>- Bản tiếng Anh : https://ebank.msb.com.vn/MBAIBSRetail/static/v2/Decree13_en.pdf<br>Tải MSB mBank, an toàn tuyệt đối, bảo mật tối đa để an tâm trải nghiệm!<br> <br>(*) Giải thưởng do Tạp chí The Global Economic trao tặng. Xem thêm các giải thưởng MSB được trao tặng: https://www.msb.com.vn/vi/tin-tuc.html#giai-thuong <br>_________________________________________<br>MSB - Cùng vươn tầm<br><br>Địa chỉ: Số 54A Nguyễn Chí Thanh, Phường Láng Thượng, Quận Đống Đa, Thành phố Hà Nội, Việt Nam<br>Email: CSKHCaNhan@msb.com.vn , CSKHDoanhNghiep@msb.com.vn<br>Hotline: 19006083 (cá nhân) - 18006260 (doanh nghiệp)<br>Website: https://msb.com.vn/   ​​​​​​​<br>Zalo: https://zalo.me/msbvietnam","Giao dịch mọi lúc mọi nơi, an toàn và bảo mật trên thiết bị Android bạn có!",1.000.000+,1000000,3392581,3.3237638,12952,6248,"[4709, 422, 505, 588, 6723]",0,True,VND,False,,,,False,,VIETNAM MARITIME COMMERCIAL JOINT STOCK BANK,VIETNAM+MARITIME+COMMERCIAL+JOINT+STOCK+BANK,ebank@msb.com.vn,http://www.msb.com.vn,,https://ebank.msb.com.vn/IBSRetail/static/doc/policy_ebank.html,Tài chính,FINANCE,"[{'name': 'Tài chính', 'id': 'FINANCE'}]",https://play-lh.googleusercontent.com/dxVJBr8PmZ1pdX-ptUCizytLBzNCKU2ykeAC3Am8avfGYrNUYhGDo1CtLBQjfGgFN2c,https://play-lh.googleusercontent.com/xoAaRgOeOrpYxlFl0xHEJ1QGP0Pk97-OpLCDxF2DPNpbTcCEsBFID1HP4QcSUgzsjQ,"['https://play-lh.googleusercontent.com/b-WBJrCVwJsH7liow7RdP0OeYzzj4AHG0IynnGGKf9S3xbNj0LBI5zE-iz3DAqQpSfU', 'https://play-lh.googleusercontent.com/RjXr6Agxry8KDUQltKXzUyz8a6w8jBa4-sbEPusTauYXVjHs3ClIhrkYOrVLxJ_KKk4', 'https://play-lh.googleusercontent.com/ZA0aGYoPjeTeIrljekuREibZEbakql0gFBiHXBgs8FnkHuK8r3XiViPh1b_U3YmBV0jd', 'https://play-lh.googleusercontent.com/oAkX4UtV_l_AW-ChQBilspeYQ4nxe89j5JMmpDxIE0z7XR9YLKHZWNfw1lOCT-nWqw', 'https://play-lh.googleusercontent.com/UtmbuBnfqSPTU4rbT0K-vzCQCzShz3h0bFhUuvWUGm6wHOfm0qU0gbuocQx2yqExcx8', 'https://play-lh.googleusercontent.com/hMMYeghAmmMVu0yxINrcabFECDfWbWbJZy4Wr086F5XQ5SR1Q0QGBB83SdEso0MnBWZh', 'https://play-lh.googleusercontent.com/9-3C1I6n3rEvjJVZjbUk0cZDdhFaqLG0xFsCOP57IZxHnyUun1ZCKqikKdjEtGzxSQPM']",,,3 tuổi trở lên,,False,False,"23 thg 6, 2011","22 thg 12, 2025",1766454420,6.8.0,vn.com.msb.smartBanking,https://play.google.com/store/apps/details?id=vn.com.msb.smartBanking&hl=vi&gl=vn
