Chủ đề,Icon,Số reviews,% Tổng,% Tích cực,% Tiêu cực,Rating TB
Giao dịch & Chuyển tiền,💰,8184,25.0,20.5,79.5,2.37
Đăng nhập & Xác thực,🔐,4056,12.4,16.3,83.7,2.32
Giao diện & Trải nghiệm,🎨,1922,5.9,50.7,49.3,3.33
Hiệu suất & Lỗi kỹ thuật,⚡,3959,12.1,17.2,82.8,2.31
Chăm sóc khách hàng,📞,741,2.3,37.0,63.0,2.8
Bảo mật & An toàn,🛡️,217,0.7,42.4,57.6,2.9
Tính năng & Dịch vụ,⚙️,633,1.9,33.5,66.5,2.79
Cập nhật & Phiên bản,🔄,740,2.3,20.7,79.3,2.62
Phí & Lãi suất,💸,352,1.1,21.3,78.7,2.32
Thông báo & Quảng cáo,📢,226,0.7,24.8,75.2,2.52
Khác,📌,11701,35.7,70.0,30.0,3.85
